x_m,y_m,pressure_Pa,wall_shear_Pa,x_wall_shear_Pa,y_wall_shear_Pa,cp_manual,side
0.001500000013038516,-0.35532233119010925,-433.2685241699219,0.027533067390322685,0.0,-0.027533067390322685,-0.7576535770945775,back_downstream
0.001500000013038516,-0.35682159662246704,-433.27337646484375,0.027653109282255173,0.0,-0.027653109282255173,-0.7576620622680891,back_downstream
0.001500000013038516,-0.35832083225250244,-433.27825927734375,0.027773236855864525,0.0,-0.027773236855864525,-0.7576706008074717,back_downstream
0.001500000013038516,-0.35982009768486023,-433.28314208984375,0.027893397957086563,0.0,-0.027893397957086563,-0.7576791393468545,back_downstream
0.001500000013038516,-0.36131933331489563,-433.2880554199219,0.02801360934972763,0.0,-0.02801360934972763,-0.7576877312521083,back_downstream
0.001500000013038516,-0.3628185987472534,-433.29296875,0.028133897110819817,0.0,-0.028133897110819817,-0.7576963231573621,back_downstream
0.001500000013038516,-0.3643178343772888,-433.2979431152344,0.028254227712750435,0.0,-0.028254227712750435,-0.7577050217943583,back_downstream
0.001500000013038516,-0.3658170998096466,-433.30291748046875,0.02837458811700344,0.0,-0.02837458811700344,-0.7577137204313544,back_downstream
0.001500000013038516,-0.367316335439682,-433.30792236328125,0.02849501371383667,0.0,-0.02849501371383667,-0.7577224724342216,back_downstream
0.001500000013038516,-0.3688156008720398,-433.31292724609375,0.028615524992346764,0.0,-0.028615524992346764,-0.757731224437089,back_downstream
0.001500000013038516,-0.3703148365020752,-433.3179626464844,0.02873610332608223,0.0,-0.02873610332608223,-0.7577400298058273,back_downstream
0.001500000013038516,-0.371814101934433,-433.3230285644531,0.02885674126446247,0.0,-0.02885674126446247,-0.7577488885404369,back_downstream
0.001500000013038516,-0.3733133375644684,-433.328125,0.028977442532777786,0.0,-0.028977442532777786,-0.7577578006409176,back_downstream
0.001500000013038516,-0.37481260299682617,-433.333251953125,0.029098205268383026,0.0,-0.029098205268383026,-0.7577667661072693,back_downstream
0.001500000013038516,-0.3763118386268616,-433.33837890625,0.029219025745987892,0.0,-0.029219025745987892,-0.7577757315736212,back_downstream
0.001500000013038516,-0.37781110405921936,-433.3435363769531,0.02933988906443119,0.0,-0.02933988906443119,-0.7577847504058441,back_downstream
0.001500000013038516,-0.37931033968925476,-433.3487243652344,0.029460793361067772,0.0,-0.029460793361067772,-0.7577938226039383,back_downstream
0.001500000013038516,-0.38080960512161255,-433.3539123535156,0.029581770300865173,0.0,-0.029581770300865173,-0.7578028948020324,back_downstream
0.001500000013038516,-0.38230884075164795,-433.359130859375,0.029702842235565186,0.0,-0.029702842235565186,-0.7578120203659977,back_downstream
0.001500000013038516,-0.38380810618400574,-433.3643798828125,0.029823990538716316,0.0,-0.029823990538716316,-0.757821199295834,back_downstream
0.001500000013038516,-0.38530734181404114,-433.3696594238281,0.029945209622383118,0.0,-0.029945209622383118,-0.7578304315915416,back_downstream
0.001500000013038516,-0.3868066072463989,-433.37493896484375,0.030066493898630142,0.0,-0.030066493898630142,-0.7578396638872491,back_downstream
0.001500000013038516,-0.3883058428764343,-433.3802795410156,0.03018784336745739,0.0,-0.03018784336745739,-0.7578490029146989,back_downstream
0.001500000013038516,-0.3898051083087921,-433.3856201171875,0.03030925989151001,0.0,-0.03030925989151001,-0.7578583419421487,back_downstream
0.001500000013038516,-0.3913043439388275,-433.3909606933594,0.03043074533343315,0.0,-0.03043074533343315,-0.7578676809695987,back_downstream
0.001500000013038516,-0.3928036093711853,-433.3963623046875,0.030552303418517113,0.0,-0.030552303418517113,-0.7578771267287907,back_downstream
0.001500000013038516,-0.3943028450012207,-433.4017639160156,0.03067392110824585,0.0,-0.03067392110824585,-0.7578865724879829,back_downstream
0.001500000013038516,-0.3958021104335785,-433.4071960449219,0.03079558163881302,0.0,-0.03079558163881302,-0.7578960716130461,back_downstream
0.001500000013038516,-0.3973013460636139,-433.41265869140625,0.03091728501021862,0.0,-0.03091728501021862,-0.7579056241039804,back_downstream
0.001500000013038516,-0.3988006114959717,-433.41815185546875,0.03103906288743019,0.0,-0.03103906288743019,-0.757915229960786,back_downstream
0.001500000013038516,-0.4002998471260071,-433.42364501953125,0.03116094134747982,0.0,-0.03116094134747982,-0.7579248358175915,back_downstream
0.001500000013038516,-0.40179911255836487,-433.4291687011719,0.03128289431333542,0.0,-0.03128289431333542,-0.7579344950402682,back_downstream
0.001500000013038516,-0.40329834818840027,-433.4347229003906,0.03140491619706154,0.0,-0.03140491619706154,-0.757944207628816,back_downstream
0.001500000013038516,-0.40479761362075806,-433.4403076171875,0.03152700141072273,0.0,-0.03152700141072273,-0.757953973583235,back_downstream
0.001500000013038516,-0.40629684925079346,-433.4458923339844,0.0316491425037384,0.0,-0.0316491425037384,-0.757963739537654,back_downstream
0.001500000013038516,-0.40779611468315125,-433.4515075683594,0.03177134320139885,0.0,-0.03177134320139885,-0.757973558857944,back_downstream
0.001500000013038516,-0.40929535031318665,-433.4571533203125,0.03189358487725258,0.0,-0.03189358487725258,-0.7579834315441053,back_downstream
0.001500000013038516,-0.41079461574554443,-433.46282958984375,0.0320158526301384,0.0,-0.0320158526301384,-0.7579933575961376,back_downstream
0.001500000013038516,-0.41229385137557983,-433.468505859375,0.032138146460056305,0.0,-0.032138146460056305,-0.75800328364817,back_downstream
0.001500000013038516,-0.4137931168079376,-433.4742431640625,0.032260507345199585,0.0,-0.032260507345199585,-0.7580133164319447,back_downstream
0.001500000013038516,-0.415292352437973,-433.47998046875,0.03238296881318092,0.0,-0.03238296881318092,-0.7580233492157193,back_downstream
0.001500000013038516,-0.4167916178703308,-433.4857482910156,0.03250551596283913,0.0,-0.03250551596283913,-0.7580334353653652,back_downstream
0.001500000013038516,-0.4182908535003662,-433.49151611328125,0.0326281301677227,0.0,-0.0326281301677227,-0.758043521515011,back_downstream
0.001500000013038516,-0.419790118932724,-433.4973449707031,0.03275080397725105,0.0,-0.03275080397725105,-0.7580537143963991,back_downstream
0.001500000013038516,-0.4212893545627594,-433.503173828125,0.03287351876497269,0.0,-0.03287351876497269,-0.7580639072777872,back_downstream
0.001500000013038516,-0.4227886199951172,-433.509033203125,0.03299631178379059,0.0,-0.03299631178379059,-0.7580741535250464,back_downstream
0.001500000013038516,-0.4242878556251526,-433.5149230957031,0.033119235187768936,0.0,-0.033119235187768936,-0.7580844531381767,back_downstream
0.001500000013038516,-0.4257871210575104,-433.52081298828125,0.03324224799871445,0.0,-0.03324224799871445,-0.7580947527513071,back_downstream
0.001500000013038516,-0.4272863566875458,-433.5267639160156,0.03336534649133682,0.0,-0.03336534649133682,-0.7581051590961798,back_downstream
0.001500000013038516,-0.4287855923175812,-433.53271484375,0.033488500863313675,0.0,-0.033488500863313675,-0.7581155654410525,back_downstream
0.001500000013038516,-0.43028485774993896,-433.5386962890625,0.033611755818128586,0.0,-0.033611755818128586,-0.7581260251517963,back_downstream
0.001500000013038516,-0.43178409337997437,-433.5447082519531,0.03373514860868454,0.0,-0.03373514860868454,-0.7581365382284112,back_downstream
0.001500000013038516,-0.43328335881233215,-433.55072021484375,0.033858656883239746,0.0,-0.033858656883239746,-0.7581470513050261,back_downstream
0.001500000013038516,-0.43478259444236755,-433.5567626953125,0.033982280641794205,0.0,-0.033982280641794205,-0.7581576177475122,back_downstream
0.001500000013038516,-0.43628185987472534,-433.5628662109375,0.03410601243376732,0.0,-0.03410601243376732,-0.7581682909217407,back_downstream
0.001500000013038516,-0.43778109550476074,-433.5689392089844,0.03422985598444939,0.0,-0.03422985598444939,-0.7581789107300978,back_downstream
0.001500000013038516,-0.43928036093711853,-433.5750732421875,0.03435381129384041,0.0,-0.03435381129384041,-0.7581896372701974,back_downstream
0.001500000013038516,-0.44077959656715393,-433.58123779296875,0.03447788208723068,0.0,-0.03447788208723068,-0.758200417176168,back_downstream
0.001500000013038516,-0.4422788619995117,-433.58740234375,0.03460206836462021,0.0,-0.03460206836462021,-0.7582111970821387,back_downstream
0.001500000013038516,-0.4437780976295471,-433.5935974121094,0.034726373851299286,0.0,-0.034726373851299286,-0.7582220303539805,back_downstream
0.001500000013038516,-0.4452773630619049,-433.5998229980469,0.03485077992081642,0.0,-0.03485077992081642,-0.7582329169916934,back_downstream
0.001500000013038516,-0.4467765986919403,-433.6060791015625,0.03497527912259102,0.0,-0.03497527912259102,-0.7582438569952775,back_downstream
0.001500000013038516,-0.4482758641242981,-433.61236572265625,0.035099856555461884,0.0,-0.035099856555461884,-0.7582548503647327,back_downstream
0.001500000013038516,-0.4497750997543335,-433.6186828613281,0.035224549472332,0.0,-0.035224549472332,-0.7582658971000591,back_downstream
0.001500000013038516,-0.4512743651866913,-433.625,0.03534933924674988,0.0,-0.03534933924674988,-0.7582769438353855,back_downstream
0.001500000013038516,-0.4527736008167267,-433.63134765625,0.03547424450516701,0.0,-0.03547424450516701,-0.7582880439365829,back_downstream
0.001500000013038516,-0.4542728662490845,-433.6377258300781,0.03559926897287369,0.0,-0.03559926897287369,-0.7582991974036516,back_downstream
0.001500000013038516,-0.4557721018791199,-433.6441345214844,0.03572441637516022,0.0,-0.03572441637516022,-0.7583104042365914,back_downstream
0.001500000013038516,-0.45727136731147766,-433.65057373046875,0.03584974259138107,0.0,-0.03584974259138107,-0.7583216644354023,back_downstream
0.001500000013038516,-0.45877060294151306,-433.6570129394531,0.035975199192762375,0.0,-0.035975199192762375,-0.7583329246342132,back_downstream
0.001500000013038516,-0.46026986837387085,-433.66351318359375,0.03610076755285263,0.0,-0.03610076755285263,-0.7583442915647665,back_downstream
0.001500000013038516,-0.46176910400390625,-433.6700134277344,0.036226432770490646,0.0,-0.036226432770490646,-0.7583556584953196,back_downstream
0.001500000013038516,-0.46326836943626404,-433.6765441894531,0.03635219484567642,0.0,-0.03635219484567642,-0.758367078791744,back_downstream
0.001500000013038516,-0.46476760506629944,-433.68310546875,0.036478083580732346,0.0,-0.036478083580732346,-0.7583785524540395,back_downstream
0.001500000013038516,-0.4662668704986572,-433.689697265625,0.0366041362285614,0.0,-0.0366041362285614,-0.7583900794822062,back_downstream
0.001500000013038516,-0.4677661061286926,-433.6963195800781,0.0367303341627121,0.0,-0.0367303341627121,-0.7584016598762439,back_downstream
0.001500000013038516,-0.4692653715610504,-433.70294189453125,0.036856669932603836,0.0,-0.036856669932603836,-0.7584132402702817,back_downstream
0.001500000013038516,-0.4707646071910858,-433.7096252441406,0.036983150988817215,0.0,-0.036983150988817215,-0.7584249273960617,back_downstream
0.001500000013038516,-0.4722638726234436,-433.71630859375,0.03710974380373955,0.0,-0.03710974380373955,-0.7584366145218419,back_downstream
0.001500000013038516,-0.473763108253479,-433.7230224609375,0.037236448377370834,0.0,-0.037236448377370834,-0.7584483550134931,back_downstream
0.001500000013038516,-0.4752623736858368,-433.7297668457031,0.03736327216029167,0.0,-0.03736327216029167,-0.7584601488710154,back_downstream
0.001500000013038516,-0.4767616093158722,-433.7365417480469,0.037490248680114746,0.0,-0.037490248680114746,-0.7584719960944089,back_downstream
0.001500000013038516,-0.47826087474823,-433.74334716796875,0.03761741518974304,0.0,-0.03761741518974304,-0.7584838966836736,back_downstream
0.001500000013038516,-0.4797601103782654,-433.75018310546875,0.03774474561214447,0.0,-0.03774474561214447,-0.7584958506388093,back_downstream
0.001500000013038516,-0.48125937581062317,-433.75701904296875,0.03787221759557724,0.0,-0.03787221759557724,-0.7585078045939451,back_downstream
0.001500000013038516,-0.48275861144065857,-433.763916015625,0.03799982741475105,0.0,-0.03799982741475105,-0.7585198652808232,back_downstream
0.001500000013038516,-0.48425787687301636,-433.77081298828125,0.03812754154205322,0.0,-0.03812754154205322,-0.7585319259677011,back_downstream
0.001500000013038516,-0.48575711250305176,-433.77777099609375,0.03825540840625763,0.0,-0.03825540840625763,-0.7585440933863214,back_downstream
0.001500000013038516,-0.48725637793540955,-433.78472900390625,0.03838348016142845,0.0,-0.03838348016142845,-0.7585562608049419,back_downstream
0.001500000013038516,-0.48875561356544495,-433.7917175292969,0.0385117307305336,0.0,-0.0385117307305336,-0.7585684815894334,back_downstream
0.001500000013038516,-0.49025487899780273,-433.7987365722656,0.03864015266299248,0.0,-0.03864015266299248,-0.758580755739796,back_downstream
0.001500000013038516,-0.49175411462783813,-433.8057861328125,0.038768745958805084,0.0,-0.038768745958805084,-0.7585930832560297,back_downstream
0.001500000013038516,-0.4932533800601959,-433.8128662109375,0.038897499442100525,0.0,-0.038897499442100525,-0.7586054641381347,back_downstream
0.001500000013038516,-0.4947526156902313,-433.8199768066406,0.0390264056622982,0.0,-0.0390264056622982,-0.7586178983861107,back_downstream
0.001500000013038516,-0.4962518811225891,-433.8271179199219,0.03915543481707573,0.0,-0.03915543481707573,-0.7586303859999579,back_downstream
0.001500000013038516,-0.4977511167526245,-433.8342590332031,0.03928462415933609,0.0,-0.03928462415933609,-0.758642873613805,back_downstream
0.001500000013038516,-0.4992503821849823,-433.8414611816406,0.03941401094198227,0.0,-0.03941401094198227,-0.7586554679593945,back_downstream
0.001500000013038516,-0.5007496476173401,-433.84869384765625,0.03954356908798218,0.0,-0.03954356908798218,-0.7586681156708551,back_downstream
0.001500000013038516,-0.5022488832473755,-433.8559265136719,0.03967325761914253,0.0,-0.03967325761914253,-0.7586807633823157,back_downstream
0.001500000013038516,-0.5037481188774109,-433.86322021484375,0.03980307653546333,0.0,-0.03980307653546333,-0.7586935178255186,back_downstream
0.001500000013038516,-0.5052473545074463,-433.8705139160156,0.03993301838636398,0.0,-0.03993301838636398,-0.7587062722687216,back_downstream
0.001500000013038516,-0.5067466497421265,-433.87786865234375,0.04006312042474747,0.0,-0.04006312042474747,-0.7587191334436667,back_downstream
0.001500000013038516,-0.5082458853721619,-433.8852233886719,0.04019341990351677,0.0,-0.04019341990351677,-0.758731994618612,back_downstream
0.001500000013038516,-0.5097451210021973,-433.8926086425781,0.040323883295059204,0.0,-0.040323883295059204,-0.7587449091594283,back_downstream
0.001500000013038516,-0.5112443566322327,-433.9000244140625,0.04045450687408447,0.0,-0.04045450687408447,-0.7587578770661157,back_downstream
0.001500000013038516,-0.5127436518669128,-433.9075012207031,0.04058528319001198,0.0,-0.04058528319001198,-0.7587709517045454,back_downstream
0.001500000013038516,-0.5142428874969482,-433.91497802734375,0.04071621596813202,0.0,-0.04071621596813202,-0.7587840263429753,back_downstream
0.001500000013038516,-0.5157421231269836,-433.9224853515625,0.0408473014831543,0.0,-0.0408473014831543,-0.7587971543472761,back_downstream
0.001500000013038516,-0.517241358757019,-433.9300231933594,0.04097854346036911,0.0,-0.04097854346036911,-0.7588103357174482,back_downstream
0.001500000013038516,-0.5187406539916992,-433.9375915527344,0.04110994189977646,0.0,-0.04110994189977646,-0.7588235704534914,back_downstream
0.001500000013038516,-0.5202398896217346,-433.9451904296875,0.04124150797724724,0.0,-0.04124150797724724,-0.7588368585554056,back_downstream
0.001500000013038516,-0.52173912525177,-433.9528503417969,0.04137323424220085,0.0,-0.04137323424220085,-0.7588502533890623,back_downstream
0.001500000013038516,-0.5232383608818054,-433.96051025390625,0.0415051095187664,0.0,-0.0415051095187664,-0.7588636482227189,back_downstream
0.001500000013038516,-0.5247376561164856,-433.96820068359375,0.0416371189057827,0.0,-0.0416371189057827,-0.7588770964222467,back_downstream
0.001500000013038516,-0.526236891746521,-433.9759216308594,0.04176925867795944,0.0,-0.04176925867795944,-0.7588905979876455,back_downstream
0.001500000013038516,-0.5277361273765564,-433.9836730957031,0.04190158098936081,0.0,-0.04190158098936081,-0.7589041529189156,back_downstream
0.001500000013038516,-0.5292353630065918,-433.991455078125,0.04203413054347038,0.0,-0.04203413054347038,-0.7589177612160567,back_downstream
0.001500000013038516,-0.530734658241272,-433.999267578125,0.04216688871383667,0.0,-0.04216688871383667,-0.758931422879069,back_downstream
0.001500000013038516,-0.5322338938713074,-434.0071105957031,0.04229984059929848,0.0,-0.04229984059929848,-0.7589451379079525,back_downstream
0.001500000013038516,-0.5337331295013428,-434.0149841308594,0.042432982474565506,0.0,-0.042432982474565506,-0.758958906302707,back_downstream
0.001500000013038516,-0.5352323651313782,-434.02288818359375,0.042566340416669846,0.0,-0.042566340416669846,-0.7589727280633328,back_downstream
0.001500000013038516,-0.5367316603660583,-434.03082275390625,0.0426999032497406,0.0,-0.0426999032497406,-0.7589866031898297,back_downstream
0.001500000013038516,-0.5382308959960938,-434.0387878417969,0.04283371567726135,0.0,-0.04283371567726135,-0.7590005316821977,back_downstream
0.001500000013038516,-0.5397301316261292,-434.0467834472656,0.04296783357858658,0.0,-0.04296783357858658,-0.7590145135404369,back_downstream
0.001500000013038516,-0.5412293672561646,-434.0548095703125,0.043102242052555084,0.0,-0.043102242052555084,-0.7590285487645472,back_downstream
0.001500000013038516,-0.5427286624908447,-434.0628662109375,0.04323691874742508,0.0,-0.04323691874742508,-0.7590426373545286,back_downstream
0.001500000013038516,-0.5442278981208801,-434.0709533691406,0.043371859937906265,0.0,-0.043371859937906265,-0.7590567793103812,back_downstream
0.001500000013038516,-0.5457271337509155,-434.0791015625,0.043507058173418045,0.0,-0.043507058173418045,-0.7590710279979761,back_downstream
0.001500000013038516,-0.5472263693809509,-434.0872497558594,0.0436425656080246,0.0,-0.0436425656080246,-0.7590852766855709,back_downstream
0.001500000013038516,-0.5487256646156311,-434.095458984375,0.0437784343957901,0.0,-0.0437784343957901,-0.7590996321049082,back_downstream
0.001500000013038516,-0.5502249002456665,-434.1036682128906,0.04391463100910187,0.0,-0.04391463100910187,-0.7591139875242453,back_downstream
0.001500000013038516,-0.5517241358757019,-434.1119384765625,0.0440511517226696,0.0,-0.0440511517226696,-0.7591284496753247,back_downstream
0.001500000013038516,-0.5532233715057373,-434.1202392578125,0.044187985360622406,0.0,-0.044187985360622406,-0.7591429651922753,back_downstream
0.001500000013038516,-0.5547226667404175,-434.1285705566406,0.04432513192296028,0.0,-0.04432513192296028,-0.759157534075097,back_downstream
0.001500000013038516,-0.5562219023704529,-434.1369323730469,0.044462576508522034,0.0,-0.044462576508522034,-0.7591721563237899,back_downstream
0.001500000013038516,-0.5577211380004883,-434.14532470703125,0.04460030421614647,0.0,-0.04460030421614647,-0.7591868319383539,back_downstream
0.001500000013038516,-0.5592203736305237,-434.1537780761719,0.0447382777929306,0.0,-0.0447382777929306,-0.7592016142846602,back_downstream
0.001500000013038516,-0.5607196688652039,-434.1622314453125,0.04487653076648712,0.0,-0.04487653076648712,-0.7592163966309665,back_downstream
0.001500000013038516,-0.5622189044952393,-434.1707458496094,0.045015089213848114,0.0,-0.045015089213848114,-0.759231285709015,back_downstream
0.001500000013038516,-0.5637181401252747,-434.1792907714844,0.045153919607400894,0.0,-0.045153919607400894,-0.7592462281529347,back_downstream
0.001500000013038516,-0.5652173757553101,-434.1878662109375,0.04529295861721039,0.0,-0.04529295861721039,-0.7592612239627257,back_downstream
0.001500000013038516,-0.5667166709899902,-434.19647216796875,0.04543224722146988,0.0,-0.04543224722146988,-0.7592762731383876,back_downstream
0.001500000013038516,-0.5682159066200256,-434.20513916015625,0.04557183384895325,0.0,-0.04557183384895325,-0.7592914290457919,back_downstream
0.001500000013038516,-0.569715142250061,-434.21380615234375,0.04571167752146721,0.0,-0.04571167752146721,-0.7593065849531961,back_downstream
0.001500000013038516,-0.5712143778800964,-434.2225341796875,0.045851755887269974,0.0,-0.045851755887269974,-0.7593218475923428,back_downstream
0.001500000013038516,-0.5727136135101318,-434.2312927246094,0.04599209129810333,0.0,-0.04599209129810333,-0.7593371635973605,back_downstream
0.001500000013038516,-0.574212908744812,-434.2400817871094,0.04613266512751579,0.0,-0.04613266512751579,-0.7593525329682493,back_downstream
0.001500000013038516,-0.5757121443748474,-434.2489013671875,0.04627351835370064,0.0,-0.04627351835370064,-0.7593679557050093,back_downstream
0.001500000013038516,-0.5772113800048828,-434.2577819824219,0.04641471430659294,0.0,-0.04641471430659294,-0.7593834851735116,back_downstream
0.001500000013038516,-0.5787106156349182,-434.2666931152344,0.04655621945858002,0.0,-0.04655621945858002,-0.759399068007885,back_downstream
0.001500000013038516,-0.5802099108695984,-434.275634765625,0.04669802263379097,0.0,-0.04669802263379097,-0.7594147042081295,back_downstream
0.001500000013038516,-0.5817091464996338,-434.28460693359375,0.0468401163816452,0.0,-0.0468401163816452,-0.7594303937742453,back_downstream
0.001500000013038516,-0.5832083821296692,-434.2936096191406,0.04698248952627182,0.0,-0.04698248952627182,-0.7594461367062321,back_downstream
0.001500000013038516,-0.5847076177597046,-434.30267333984375,0.047125209122896194,0.0,-0.047125209122896194,-0.7594619863699612,back_downstream
0.001500000013038516,-0.5862069129943848,-434.311767578125,0.047268327325582504,0.0,-0.047268327325582504,-0.7594778893995615,back_downstream
0.001500000013038516,-0.5877061486244202,-434.3208923339844,0.04741182550787926,0.0,-0.04741182550787926,-0.7594938457950329,back_downstream
0.001500000013038516,-0.5892053842544556,-434.3300476074219,0.04755570739507675,0.0,-0.04755570739507675,-0.7595098555563755,back_downstream
0.001500000013038516,-0.590704619884491,-434.3392639160156,0.047699980437755585,0.0,-0.047699980437755585,-0.7595259720494603,back_downstream
0.001500000013038516,-0.5922039151191711,-434.3485107421875,0.04784465581178665,0.0,-0.04784465581178665,-0.7595421419084163,back_downstream
0.001500000013038516,-0.5937031507492065,-434.3577880859375,0.04798974096775055,0.0,-0.04798974096775055,-0.7595583651332434,back_downstream
0.001500000013038516,-0.5952023863792419,-434.36712646484375,0.04813522845506668,0.0,-0.04813522845506668,-0.7595746950898128,back_downstream
0.001500000013038516,-0.5967016220092773,-434.3764953613281,0.048281118273735046,0.0,-0.048281118273735046,-0.7595910784122534,back_downstream
0.001500000013038516,-0.5982009172439575,-434.3858947753906,0.04842742532491684,0.0,-0.04842742532491684,-0.759607515100565,back_downstream
0.001500000013038516,-0.5997001528739929,-434.3953552246094,0.04857413098216057,0.0,-0.04857413098216057,-0.759624058520619,back_downstream
0.001500000013038516,-0.6011993885040283,-434.40484619140625,0.048721279948949814,0.0,-0.048721279948949814,-0.7596406553065441,back_downstream
0.001500000013038516,-0.6026986241340637,-434.41436767578125,0.04886890947818756,0.0,-0.04886890947818756,-0.7596573054583404,back_downstream
0.001500000013038516,-0.6041979193687439,-434.4239501953125,0.04901698976755142,0.0,-0.04901698976755142,-0.759674062341879,back_downstream
0.001500000013038516,-0.6056971549987793,-434.4335632324219,0.049165502190589905,0.0,-0.049165502190589905,-0.7596908725912886,back_downstream
0.001500000013038516,-0.6071963906288147,-434.4432373046875,0.049314409494400024,0.0,-0.049314409494400024,-0.7597077895724406,back_downstream
0.001500000013038516,-0.6086956262588501,-434.45294189453125,0.049463752657175064,0.0,-0.049463752657175064,-0.7597247599194636,back_downstream
0.001500000013038516,-0.6101949214935303,-434.4626770019531,0.049613602459430695,0.0,-0.049613602459430695,-0.7597417836323579,back_downstream
0.001500000013038516,-0.6116941571235657,-434.47247314453125,0.04976390302181244,0.0,-0.04976390302181244,-0.7597589140769945,back_downstream
0.001500000013038516,-0.6131933927536011,-434.4822998046875,0.0499146468937397,0.0,-0.0499146468937397,-0.7597760978875021,back_downstream
0.001500000013038516,-0.6146926283836365,-434.4921875,0.05006580799818039,0.0,-0.05006580799818039,-0.7597933884297521,back_downstream
0.001500000013038516,-0.6161919236183167,-434.5021057128906,0.05021744221448898,0.0,-0.05021744221448898,-0.7598107323378732,back_downstream
0.001500000013038516,-0.617691159248352,-434.5120849609375,0.05036959424614906,0.0,-0.05036959424614906,-0.7598281829777366,back_downstream
0.001500000013038516,-0.6191903948783875,-434.5220947265625,0.05052223801612854,0.0,-0.05052223801612854,-0.7598456869834711,back_downstream
0.001500000013038516,-0.6206896305084229,-434.53216552734375,0.05067531764507294,0.0,-0.05067531764507294,-0.759863297720948,back_downstream
0.001500000013038516,-0.622188925743103,-434.54229736328125,0.05082885921001434,0.0,-0.05082885921001434,-0.759881015190167,back_downstream
0.001500000013038516,-0.6236881613731384,-434.55242919921875,0.05098291486501694,0.0,-0.05098291486501694,-0.7598987326593861,back_downstream
0.001500000013038516,-0.6251873970031738,-434.5626525878906,0.05113746225833893,0.0,-0.05113746225833893,-0.7599166102262186,back_downstream
0.001500000013038516,-0.6266866326332092,-434.5729064941406,0.05129251256585121,0.0,-0.05129251256585121,-0.7599345411589222,back_downstream
0.001500000013038516,-0.6281859278678894,-434.58319091796875,0.051448069512844086,0.0,-0.051448069512844086,-0.759952525457497,back_downstream
0.001500000013038516,-0.6296851634979248,-434.5935363769531,0.051604148000478745,0.0,-0.051604148000478745,-0.7599706164878142,back_downstream
0.001500000013038516,-0.6311843991279602,-434.60394287109375,0.051760751754045486,0.0,-0.051760751754045486,-0.7599888142498735,back_downstream
0.001500000013038516,-0.6326836347579956,-434.6144104003906,0.05191789194941521,0.0,-0.05191789194941521,-0.7600071187436752,back_downstream
0.001500000013038516,-0.6341829299926758,-434.6249084472656,0.0520755834877491,0.0,-0.0520755834877491,-0.760025476603348,back_downstream
0.001500000013038516,-0.6356821656227112,-434.63543701171875,0.052233804017305374,0.0,-0.052233804017305374,-0.7600438878288919,back_downstream
0.001500000013038516,-0.6371814012527466,-434.64605712890625,0.05239260941743851,0.0,-0.05239260941743851,-0.7600624591520493,back_downstream
0.001500000013038516,-0.638680636882782,-434.6567077636719,0.05255205184221268,0.0,-0.05255205184221268,-0.7600810838410778,back_downstream
0.001500000013038516,-0.6401799321174622,-434.6673889160156,0.05271212011575699,0.0,-0.05271212011575699,-0.7600997618959774,back_downstream
0.001500000013038516,-0.6416791677474976,-434.67816162109375,0.05287281423807144,0.0,-0.05287281423807144,-0.7601186000484905,back_downstream
0.001500000013038516,-0.643178403377533,-434.68896484375,0.05303413048386574,0.0,-0.05303413048386574,-0.7601374915668747,back_downstream
0.001500000013038516,-0.6446776390075684,-434.6998291015625,0.05319604277610779,0.0,-0.05319604277610779,-0.7601564898170012,back_downstream
0.001500000013038516,-0.6461769342422485,-434.71075439453125,0.05335860326886177,0.0,-0.05335860326886177,-0.76017559479887,back_downstream
0.001500000013038516,-0.6476761698722839,-434.7217102050781,0.053521860390901566,0.0,-0.053521860390901566,-0.7601947531466099,back_downstream
0.001500000013038516,-0.6491754055023193,-434.7327575683594,0.05368578061461449,0.0,-0.05368578061461449,-0.7602140715919633,back_downstream
0.001500000013038516,-0.6506746411323547,-434.74383544921875,0.053850334137678146,0.0,-0.053850334137678146,-0.7602334434031878,back_downstream
0.001500000013038516,-0.6521739363670349,-434.7549743652344,0.054015569388866425,0.0,-0.054015569388866425,-0.7602529219461546,back_downstream
0.001500000013038516,-0.6536731719970703,-434.76617431640625,0.05418155714869499,0.0,-0.05418155714869499,-0.7602725072208636,back_downstream
0.001500000013038516,-0.6551724076271057,-434.7774353027344,0.05434824898838997,0.0,-0.05434824898838997,-0.760292199227315,back_downstream
0.001500000013038516,-0.6566716432571411,-434.78875732421875,0.054515641182661057,0.0,-0.054515641182661057,-0.7603119979655085,back_downstream
0.001500000013038516,-0.6581709384918213,-434.80010986328125,0.05468369275331497,0.0,-0.05468369275331497,-0.7603318500695733,back_downstream
0.001500000013038516,-0.6596701741218567,-434.8115539550781,0.05485246703028679,0.0,-0.05485246703028679,-0.7603518622712515,back_downstream
0.001500000013038516,-0.6611694097518921,-434.82305908203125,0.0550219789147377,0.0,-0.0550219789147377,-0.760371981204672,back_downstream
0.001500000013038516,-0.6626686453819275,-434.8345947265625,0.055192239582538605,0.0,-0.055192239582538605,-0.7603921535039636,back_downstream
0.001500000013038516,-0.6641679406166077,-434.8462219238281,0.05536334216594696,0.0,-0.05536334216594696,-0.7604124859008686,back_downstream
0.001500000013038516,-0.6656671762466431,-434.85791015625,0.05553524196147919,0.0,-0.05553524196147919,-0.760432925029516,back_downstream
0.001500000013038516,-0.6671664118766785,-434.86962890625,0.055707935243844986,0.0,-0.055707935243844986,-0.7604534175240344,back_downstream
0.001500000013038516,-0.6686656475067139,-434.8814392089844,0.05588138848543167,0.0,-0.05588138848543167,-0.7604740701161663,back_downstream
0.001500000013038516,-0.670164942741394,-434.893310546875,0.05605565384030342,0.0,-0.05605565384030342,-0.7604948294400405,back_downstream
0.001500000013038516,-0.6716641783714294,-434.9052734375,0.05623079836368561,0.0,-0.05623079836368561,-0.7605157488615281,back_downstream
0.001500000013038516,-0.6731634140014648,-434.9172668457031,0.05640679597854614,0.0,-0.05640679597854614,-0.7605367216488869,back_downstream
0.001500000013038516,-0.6746626496315002,-434.9293212890625,0.056583620607852936,0.0,-0.056583620607852936,-0.7605578011679879,back_downstream
0.001500000013038516,-0.6761619448661804,-434.94146728515625,0.05676131322979927,0.0,-0.05676131322979927,-0.7605790407847023,back_downstream
0.001500000013038516,-0.6776611804962158,-434.95367431640625,0.05693993344902992,0.0,-0.05693993344902992,-0.760600387133159,back_downstream
0.001500000013038516,-0.6791604161262512,-434.9659729003906,0.0571194663643837,0.0,-0.0571194663643837,-0.7606218935792293,back_downstream
0.001500000013038516,-0.6806596517562866,-434.9783020019531,0.057299915701150894,0.0,-0.057299915701150894,-0.7606434533911706,back_downstream
0.001500000013038516,-0.6821589469909668,-434.99072265625,0.0574813038110733,0.0,-0.0574813038110733,-0.7606651733007253,back_downstream
0.001500000013038516,-0.6836581826210022,-435.0032043457031,0.05766361206769943,0.0,-0.05766361206769943,-0.7606869999420223,back_downstream
0.001500000013038516,-0.6851574182510376,-435.0157775878906,0.05784690007567406,0.0,-0.05784690007567406,-0.7607089866809328,back_downstream
0.001500000013038516,-0.686656653881073,-435.0284118652344,0.05803123861551285,0.0,-0.05803123861551285,-0.7607310801515854,back_downstream
0.001500000013038516,-0.6881559491157532,-435.0411376953125,0.058216579258441925,0.0,-0.058216579258441925,-0.7607533337198517,back_downstream
0.001500000013038516,-0.6896551847457886,-435.0539245605469,0.05840294808149338,0.0,-0.05840294808149338,-0.76077569401986,back_downstream
0.001500000013038516,-0.691154420375824,-435.0668029785156,0.05859033390879631,0.0,-0.05859033390879631,-0.7607982144174819,back_downstream
0.001500000013038516,-0.6926536560058594,-435.0797424316406,0.0587787888944149,0.0,-0.0587787888944149,-0.760820841546846,back_downstream
0.001500000013038516,-0.6941529512405396,-435.0927429199219,0.058968402445316315,0.0,-0.058968402445316315,-0.7608435754079524,back_downstream
0.001500000013038516,-0.695652186870575,-435.1058654785156,0.05915914848446846,0.0,-0.05915914848446846,-0.7608665227325435,back_downstream
0.001500000013038516,-0.6971514225006104,-435.1190490722656,0.05935104563832283,0.0,-0.05935104563832283,-0.7608895767888767,back_downstream
0.001500000013038516,-0.6986506581306458,-435.13232421875,0.05954408273100853,0.0,-0.05954408273100853,-0.7609127909428235,back_downstream
0.001500000013038516,-0.7001499533653259,-435.1456604003906,0.05973828211426735,0.0,-0.05973828211426735,-0.7609361118285124,back_downstream
0.001500000013038516,-0.7016491889953613,-435.1590881347656,0.05993363633751869,0.0,-0.05993363633751869,-0.7609595928118148,back_downstream
0.001500000013038516,-0.7031484246253967,-435.172607421875,0.06013019382953644,0.0,-0.06013019382953644,-0.7609832338927307,back_downstream
0.001500000013038516,-0.7046476602554321,-435.18621826171875,0.06032802164554596,0.0,-0.06032802164554596,-0.7610070350712599,back_downstream
0.001500000013038516,-0.7061469554901123,-435.1999206542969,0.06052712723612785,0.0,-0.06052712723612785,-0.7610309963474027,back_downstream
0.001500000013038516,-0.7076461911201477,-435.2137145996094,0.060727521777153015,0.0,-0.060727521777153015,-0.7610551177211587,back_downstream
0.001500000013038516,-0.7091454267501831,-435.22760009765625,0.06092923879623413,0.0,-0.06092923879623413,-0.7610793991925283,back_downstream
0.001500000013038516,-0.7106446623802185,-435.2415466308594,0.0611322782933712,0.0,-0.0611322782933712,-0.7611037873956401,back_downstream
0.001500000013038516,-0.7121439576148987,-435.255615234375,0.061336699873209,0.0,-0.061336699873209,-0.7611283890622365,back_downstream
0.001500000013038516,-0.7136431932449341,-435.269775390625,0.0615425743162632,0.0,-0.0615425743162632,-0.7611531508264463,back_downstream
0.001500000013038516,-0.7151424288749695,-435.2840576171875,0.0617499053478241,0.0,-0.0617499053478241,-0.7611781260541407,back_downstream
0.001500000013038516,-0.7166416645050049,-435.29840087890625,0.0619586780667305,0.0,-0.0619586780667305,-0.7612032080135773,back_downstream
0.001500000013038516,-0.7181409001350403,-435.3128662109375,0.062168948352336884,0.0,-0.062168948352336884,-0.7612285034364986,back_downstream
0.001500000013038516,-0.7196401953697205,-435.3274230957031,0.062380801886320114,0.0,-0.062380801886320114,-0.7612539589570333,back_downstream
0.001500000013038516,-0.7211394309997559,-435.34210205078125,0.0625942274928093,0.0,-0.0625942274928093,-0.7612796279410525,back_downstream
0.001500000013038516,-0.7226386666297913,-435.35687255859375,0.06280925869941711,0.0,-0.06280925869941711,-0.7613054570226852,back_downstream
0.001500000013038516,-0.7241379022598267,-435.3717346191406,0.06302589178085327,0.0,-0.06302589178085327,-0.7613314462019312,back_downstream
0.001500000013038516,-0.7256371974945068,-435.38671875,0.06324417144060135,0.0,-0.06324417144060135,-0.7613576488446618,back_downstream
0.001500000013038516,-0.7271364331245422,-435.4018249511719,0.06346417963504791,0.0,-0.06346417963504791,-0.7613840649508771,back_downstream
0.001500000013038516,-0.7286356687545776,-435.41705322265625,0.06368588656187057,0.0,-0.06368588656187057,-0.7614106945205769,back_downstream
0.001500000013038516,-0.730134904384613,-435.432373046875,0.06390931457281113,0.0,-0.06390931457281113,-0.76143748418789,back_downstream
0.001500000013038516,-0.7316341996192932,-435.44781494140625,0.06413449347019196,0.0,-0.06413449347019196,-0.7614644873186879,back_downstream
0.001500000013038516,-0.7331334352493286,-435.46337890625,0.06436145305633545,0.0,-0.06436145305633545,-0.7614917039129702,back_downstream
0.001500000013038516,-0.734632670879364,-435.47906494140625,0.0645902082324028,0.0,-0.0645902082324028,-0.7615191339707371,back_downstream
0.001500000013038516,-0.7361319065093994,-435.494873046875,0.0648208037018776,0.0,-0.0648208037018776,-0.7615467774919885,back_downstream
0.001500000013038516,-0.7376312017440796,-435.51080322265625,0.06505325436592102,0.0,-0.06505325436592102,-0.7615746344767246,back_downstream
0.001500000013038516,-0.739130437374115,-435.52685546875,0.06528761237859726,0.0,-0.06528761237859726,-0.7616027049249452,back_downstream
0.001500000013038516,-0.7406296730041504,-435.54302978515625,0.06552396714687347,0.0,-0.06552396714687347,-0.7616309888366504,back_downstream
0.001500000013038516,-0.7421289086341858,-435.5593566894531,0.06576234102249146,0.0,-0.06576234102249146,-0.7616595395777113,back_downstream
0.001500000013038516,-0.743628203868866,-435.5758056640625,0.06600276380777359,0.0,-0.06600276380777359,-0.7616883037822567,back_downstream
0.001500000013038516,-0.7451274394989014,-435.5924072265625,0.06624530255794525,0.0,-0.06624530255794525,-0.7617173348161579,back_downstream
0.001500000013038516,-0.7466266751289368,-435.609130859375,0.06648997962474823,0.0,-0.06648997962474823,-0.7617465793135436,back_downstream
0.001500000013038516,-0.7481259107589722,-435.6260070800781,0.0667368471622467,0.0,-0.0667368471622467,-0.7617760906402851,back_downstream
0.001500000013038516,-0.7496252059936523,-435.64300537109375,0.06698596477508545,0.0,-0.06698596477508545,-0.7618058154305111,back_downstream
0.001500000013038516,-0.7511244416236877,-435.6601867675781,0.06723741441965103,0.0,-0.06723741441965103,-0.761835860415964,back_downstream
0.001500000013038516,-0.7526236772537231,-435.677490234375,0.06749121844768524,0.0,-0.06749121844768524,-0.7618661188649014,back_downstream
0.001500000013038516,-0.7541229128837585,-435.6949462890625,0.06774748861789703,0.0,-0.06774748861789703,-0.7618966441431945,back_downstream
0.001500000013038516,-0.7556222081184387,-435.71258544921875,0.06800632923841476,0.0,-0.06800632923841476,-0.7619274896167145,back_downstream
0.001500000013038516,-0.7571214437484741,-435.7303466796875,0.06826776266098022,0.0,-0.06826776266098022,-0.761958548553719,back_downstream
0.001500000013038516,-0.7586206793785095,-435.748291015625,0.06853185594081879,0.0,-0.06853185594081879,-0.7619899276859504,back_downstream
0.001500000013038516,-0.7601199150085449,-435.76641845703125,0.06879861652851105,0.0,-0.06879861652851105,-0.7620216270134087,back_downstream
0.001500000013038516,-0.7616192102432251,-435.7846984863281,0.06906812638044357,0.0,-0.06906812638044357,-0.7620535931702227,back_downstream
0.001500000013038516,-0.7631184458732605,-435.80316162109375,0.06934051960706711,0.0,-0.06934051960706711,-0.7620858795222635,back_downstream
0.001500000013038516,-0.7646176815032959,-435.82177734375,0.06961581856012344,0.0,-0.06961581856012344,-0.76211843270366,back_downstream
0.001500000013038516,-0.7661169171333313,-435.8406066894531,0.06989409774541855,0.0,-0.06989409774541855,-0.7621513594461545,back_downstream
0.001500000013038516,-0.7676162123680115,-435.859619140625,0.0701754167675972,0.0,-0.0701754167675972,-0.7621846063838759,back_downstream
0.001500000013038516,-0.7691154479980469,-435.8787841796875,0.07045984268188477,0.0,-0.07045984268188477,-0.762218120150953,back_downstream
0.001500000013038516,-0.7706146836280823,-435.8981628417969,0.07074744999408722,0.0,-0.07074744999408722,-0.762252007479128,back_downstream
0.001500000013038516,-0.7721139192581177,-435.9177551269531,0.07103831321001053,0.0,-0.07103831321001053,-0.7622862683684011,back_downstream
0.001500000013038516,-0.7736132144927979,-435.9375305175781,0.07133249938488007,0.0,-0.07133249938488007,-0.762320849452901,back_downstream
0.001500000013038516,-0.7751124501228333,-435.95751953125,0.0716300681233406,0.0,-0.0716300681233406,-0.7623558040984989,back_downstream
0.001500000013038516,-0.7766116857528687,-435.97772216796875,0.07193110883235931,0.0,-0.07193110883235931,-0.7623911323051948,back_downstream
0.001500000013038516,-0.778110921382904,-435.9981384277344,0.07223574817180634,0.0,-0.07223574817180634,-0.7624268340729887,back_downstream
0.001500000013038516,-0.7796102166175842,-436.018798828125,0.07254404574632645,0.0,-0.07254404574632645,-0.7624629627677517,back_downstream
0.001500000013038516,-0.7811094522476196,-436.0396423339844,0.07285600900650024,0.0,-0.07285600900650024,-0.7624994116577416,back_downstream
0.001500000013038516,-0.782608687877655,-436.0607604980469,0.07317175716161728,0.0,-0.07317175716161728,-0.7625363408405718,back_downstream
0.001500000013038516,-0.7841079235076904,-436.08209228515625,0.07349145412445068,0.0,-0.07349145412445068,-0.7625736435845,back_downstream
0.001500000013038516,-0.7856072187423706,-436.1036682128906,0.07381513714790344,0.0,-0.07381513714790344,-0.7626113732553972,back_downstream
0.001500000013038516,-0.787106454372406,-436.12548828125,0.07414290308952332,0.0,-0.07414290308952332,-0.7626495298532636,back_downstream
0.001500000013038516,-0.7886056900024414,-436.1475524902344,0.07447487115859985,0.0,-0.07447487115859985,-0.7626881133780992,back_downstream
0.001500000013038516,-0.7901049256324768,-436.1698913574219,0.07481110841035843,0.0,-0.07481110841035843,-0.762727177195775,back_downstream
0.001500000013038516,-0.791604220867157,-436.1925048828125,0.07515174150466919,0.0,-0.07515174150466919,-0.7627667213062912,back_downstream
0.001500000013038516,-0.7931034564971924,-436.2153625488281,0.07549696415662766,0.0,-0.07549696415662766,-0.7628066923437764,back_downstream
0.001500000013038516,-0.7946026921272278,-436.238525390625,0.0758468434214592,0.0,-0.0758468434214592,-0.7628471970399731,back_downstream
0.001500000013038516,-0.7961019277572632,-436.261962890625,0.07620150595903397,0.0,-0.07620150595903397,-0.76288818202901,back_downstream
0.001500000013038516,-0.7976012229919434,-436.28570556640625,0.07656101882457733,0.0,-0.07656101882457733,-0.7629297006767584,back_downstream
0.001500000013038516,-0.7991004586219788,-436.30975341796875,0.07692553848028183,0.0,-0.07692553848028183,-0.7629717529832181,back_downstream
0.001500000013038516,-0.8005996942520142,-436.3341064453125,0.07729525864124298,0.0,-0.07729525864124298,-0.7630143389483893,back_downstream
0.001500000013038516,-0.8020989298820496,-436.3587646484375,0.07767031341791153,0.0,-0.07767031341791153,-0.7630574585722719,back_downstream
0.001500000013038516,-0.8035982251167297,-436.3837585449219,0.07805078476667404,0.0,-0.07805078476667404,-0.7631011652207371,back_downstream
0.001500000013038516,-0.8050974607467651,-436.4090881347656,0.07843683660030365,0.0,-0.07843683660030365,-0.7631454588937848,back_downstream
0.001500000013038516,-0.8065966963768005,-436.43475341796875,0.07882869243621826,0.0,-0.07882869243621826,-0.7631903395914151,back_downstream
0.001500000013038516,-0.8080959320068359,-436.46075439453125,0.07922641932964325,0.0,-0.07922641932964325,-0.763235807313628,back_downstream
0.001500000013038516,-0.8095952272415161,-436.4871520996094,0.07963021844625473,0.0,-0.07963021844625473,-0.7632819687921657,back_downstream
0.001500000013038516,-0.8110944628715515,-436.513916015625,0.08004030585289001,0.0,-0.08004030585289001,-0.763328770661157,back_downstream
0.001500000013038516,-0.8125936985015869,-436.5410461425781,0.08045681565999985,0.0,-0.08045681565999985,-0.7633762129206022,back_downstream
0.001500000013038516,-0.8140929341316223,-436.5685729980469,0.08087989687919617,0.0,-0.08087989687919617,-0.7634243489363721,back_downstream
0.001500000013038516,-0.8155922293663025,-436.59649658203125,0.08130969852209091,0.0,-0.08130969852209091,-0.7634731787084669,back_downstream
0.001500000013038516,-0.8170914649963379,-436.6248474121094,0.08174643665552139,0.0,-0.08174643665552139,-0.7635227556027576,back_downstream
0.001500000013038516,-0.8185907006263733,-436.65362548828125,0.08219027519226074,0.0,-0.08219027519226074,-0.7635730796192445,back_downstream
0.001500000013038516,-0.8200899362564087,-436.682861328125,0.08264143019914627,0.0,-0.08264143019914627,-0.7636242041237983,back_downstream
0.001500000013038516,-0.8215892314910889,-436.7125244140625,0.08310019224882126,0.0,-0.08310019224882126,-0.7636760757505482,back_downstream
0.001500000013038516,-0.8230884671211243,-436.7426452636719,0.08356671780347824,0.0,-0.08356671780347824,-0.7637287478653652,back_downstream
0.001500000013038516,-0.8245877027511597,-436.77325439453125,0.08404123038053513,0.0,-0.08404123038053513,-0.7637822738341205,back_downstream
0.001500000013038516,-0.8260869383811951,-436.8043518066406,0.08452389389276505,0.0,-0.08452389389276505,-0.763836653656814,back_downstream
0.001500000013038516,-0.8275862336158752,-436.8359375,0.08501498401165009,0.0,-0.08501498401165009,-0.7638918873334458,back_downstream
0.001500000013038516,-0.8290854692459106,-436.8680725097656,0.08551480621099472,0.0,-0.08551480621099472,-0.7639480815957582,back_downstream
0.001500000013038516,-0.830584704875946,-436.9007263183594,0.08602357655763626,0.0,-0.08602357655763626,-0.7640051830778799,back_downstream
0.001500000013038516,-0.8320839405059814,-436.9339599609375,0.08654152601957321,0.0,-0.08654152601957321,-0.7640632985115534,back_downstream
0.001500000013038516,-0.8335832357406616,-436.9677429199219,0.08706890046596527,0.0,-0.08706890046596527,-0.7641223745309075,back_downstream
0.001500000013038516,-0.835082471370697,-437.0021057128906,0.08760596811771393,0.0,-0.08760596811771393,-0.7641824645018132,back_downstream
0.001500000013038516,-0.8365817070007324,-437.0370788574219,0.08815303444862366,0.0,-0.08815303444862366,-0.7642436217901417,back_downstream
0.001500000013038516,-0.8380809426307678,-437.0726623535156,0.08871036022901535,0.0,-0.08871036022901535,-0.764305846395893,back_downstream
0.001500000013038516,-0.839580237865448,-437.1089172363281,0.08927827328443527,0.0,-0.08927827328443527,-0.7643692450508096,back_downstream
0.001500000013038516,-0.8410794734954834,-437.14581298828125,0.08985704183578491,0.0,-0.08985704183578491,-0.7644337643890201,back_downstream
0.001500000013038516,-0.8425787091255188,-437.18341064453125,0.09044700860977173,0.0,-0.09044700860977173,-0.7644995111422669,back_downstream
0.001500000013038516,-0.8440779447555542,-437.2216796875,0.09104853868484497,0.0,-0.09104853868484497,-0.7645664319446788,back_downstream
0.001500000013038516,-0.8455772399902344,-437.2607116699219,0.09166194498538971,0.0,-0.09166194498538971,-0.7646346868938692,back_downstream
0.001500000013038516,-0.8470764756202698,-437.30047607421875,0.09228754788637161,0.0,-0.09228754788637161,-0.764704222623967,back_downstream
0.001500000013038516,-0.8485757112503052,-437.3410339355469,0.09292568266391754,0.0,-0.09292568266391754,-0.7647751458667145,back_downstream
0.001500000013038516,-0.8500749468803406,-437.3823547363281,0.09357669949531555,0.0,-0.09357669949531555,-0.7648474032562406,back_downstream
0.001500000013038516,-0.8515742421150208,-437.4245300292969,0.09424097090959549,0.0,-0.09424097090959549,-0.7649211548901586,back_downstream
0.001500000013038516,-0.8530734777450562,-437.4675598144531,0.09491885453462601,0.0,-0.09491885453462601,-0.7649964007684685,back_downstream
0.001500000013038516,-0.8545727133750916,-437.5114440917969,0.09561077505350113,0.0,-0.09561077505350113,-0.7650731408911705,back_downstream
0.001500000013038516,-0.856071949005127,-437.5562438964844,0.0963170975446701,0.0,-0.0963170975446701,-0.7651514819900068,back_downstream
0.001500000013038516,-0.8575711846351624,-437.60198974609375,0.09703827649354935,0.0,-0.09703827649354935,-0.7652314774308484,back_downstream
0.001500000013038516,-0.8590704798698425,-437.6487121582031,0.09777477383613586,0.0,-0.09777477383613586,-0.7653131805795665,back_downstream
0.001500000013038516,-0.8605697154998779,-437.6964416503906,0.09852699935436249,0.0,-0.09852699935436249,-0.7653966448020324,back_downstream
0.001500000013038516,-0.8620689511299133,-437.74517822265625,0.09929536283016205,0.0,-0.09929536283016205,-0.765481870098246,back_downstream
0.001500000013038516,-0.8635681867599487,-437.79498291015625,0.10008031129837036,0.0,-0.10008031129837036,-0.7655689631999494,back_downstream
0.001500000013038516,-0.8650674819946289,-437.8459167480469,0.10088230669498444,0.0,-0.10088230669498444,-0.7656580308388852,back_downstream
0.001500000013038516,-0.8665667176246643,-437.8979797363281,0.10170181095600128,0.0,-0.10170181095600128,-0.7657490730150531,back_downstream
0.001500000013038516,-0.8680659532546997,-437.9512023925781,0.1025392934679985,0.0,-0.1025392934679985,-0.7658421430943245,back_downstream
0.001500000013038516,-0.8695651888847351,-438.0056457519531,0.1033952534198761,0.0,-0.1033952534198761,-0.7659373478084416,back_downstream
0.001500000013038516,-0.8710644841194153,-438.0613708496094,0.10427017509937286,0.0,-0.10427017509937286,-0.7660347938891466,back_downstream
0.001500000013038516,-0.8725637197494507,-438.1183776855469,0.10516459494829178,0.0,-0.10516459494829178,-0.7661344813364396,back_downstream
0.001500000013038516,-0.8740629553794861,-438.1767272949219,0.10607900470495224,0.0,-0.10607900470495224,-0.7662365168820627,back_downstream
0.001500000013038516,-0.8755621910095215,-438.2364501953125,0.10701389610767365,0.0,-0.10701389610767365,-0.7663409538918874,back_downstream
0.001500000013038516,-0.8770614862442017,-438.2976379394531,0.1079697534441948,0.0,-0.1079697534441948,-0.7664479524635268,back_downstream
0.001500000013038516,-0.8785607218742371,-438.36029052734375,0.10894700884819031,0.0,-0.10894700884819031,-0.766557512596981,back_downstream
0.001500000013038516,-0.8800599575042725,-438.4244689941406,0.10994614660739899,0.0,-0.10994614660739899,-0.7666697410239923,back_downstream
0.001500000013038516,-0.8815591931343079,-438.4902038574219,0.110967718064785,0.0,-0.110967718064785,-0.7667846911104318,back_downstream
0.001500000013038516,-0.883058488368988,-438.5575866699219,0.11201224476099014,0.0,-0.11201224476099014,-0.766902522953913,back_downstream
0.001500000013038516,-0.8845577239990234,-438.62664794921875,0.11308030784130096,0.0,-0.11308030784130096,-0.767023289920307,back_downstream
0.001500000013038516,-0.8860569596290588,-438.69744873046875,0.11417250335216522,0.0,-0.11417250335216522,-0.7671470987413561,back_downstream
0.001500000013038516,-0.8875561952590942,-438.7700500488281,0.1152893453836441,0.0,-0.1152893453836441,-0.7672740561488025,back_downstream
0.001500000013038516,-0.8890554904937744,-438.844482421875,0.11643141508102417,0.0,-0.11643141508102417,-0.7674042155085175,back_downstream
0.001500000013038516,-0.8905547261238098,-438.92083740234375,0.11759926378726959,0.0,-0.11759926378726959,-0.7675377369181143,back_downstream
0.001500000013038516,-0.8920539617538452,-438.9991455078125,0.11879348009824753,0.0,-0.11879348009824753,-0.7676746737434643,back_downstream
0.001500000013038516,-0.8935531973838806,-439.0794982910156,0.12001467496156693,0.0,-0.12001467496156693,-0.7678151860821808,back_downstream
0.001500000013038516,-0.8950524926185608,-439.1619567871094,0.12126336991786957,0.0,-0.12126336991786957,-0.7679593806660061,back_downstream
0.001500000013038516,-0.8965517282485962,-439.24658203125,0.12254010885953903,0.0,-0.12254010885953903,-0.7681073642266825,back_downstream
0.001500000013038516,-0.8980509638786316,-439.33343505859375,0.12384546548128128,0.0,-0.12384546548128128,-0.7682592434959521,back_downstream
0.001500000013038516,-0.899550199508667,-439.4225769042969,0.12518003582954407,0.0,-0.12518003582954407,-0.7684151252055574,back_downstream
0.001500000013038516,-0.9010494947433472,-439.51409912109375,0.1265445053577423,0.0,-0.1265445053577423,-0.7685751694531119,back_downstream
0.001500000013038516,-0.9025487303733826,-439.6080627441406,0.12793950736522675,0.0,-0.12793950736522675,-0.7687394829703575,back_downstream
0.001500000013038516,-0.904047966003418,-439.7045593261719,0.12936560809612274,0.0,-0.12936560809612274,-0.7689082258549081,back_downstream
0.001500000013038516,-0.9055472016334534,-439.8036804199219,0.13082323968410492,0.0,-0.13082323968410492,-0.7690815582043768,back_downstream
0.001500000013038516,-0.9070464968681335,-439.90545654296875,0.13231268525123596,0.0,-0.13231268525123596,-0.7692595333846349,back_downstream
0.001500000013038516,-0.908545732498169,-440.0099792480469,0.13383452594280243,0.0,-0.13383452594280243,-0.7694423114932957,back_downstream
0.001500000013038516,-0.9100449681282043,-440.11737060546875,0.13538943231105804,0.0,-0.13538943231105804,-0.7696301059938438,back_downstream
0.001500000013038516,-0.9115442037582397,-440.2276611328125,0.13697801530361176,0.0,-0.13697801530361176,-0.7698229702521505,back_downstream
0.001500000013038516,-0.9130434989929199,-440.3409423828125,0.1386009156703949,0.0,-0.1386009156703949,-0.770021064365829,back_downstream
0.001500000013038516,-0.9145427346229553,-440.45733642578125,0.1402587741613388,0.0,-0.1402587741613388,-0.770224601798364,back_downstream
0.001500000013038516,-0.9160419702529907,-440.5769348144531,0.1419522613286972,0.0,-0.1419522613286972,-0.7704337426473689,back_downstream
0.001500000013038516,-0.9175412058830261,-440.6997985839844,0.1436820924282074,0.0,-0.1436820924282074,-0.7706485936445859,back_downstream
0.001500000013038516,-0.9190405011177063,-440.8260192871094,0.1454489380121231,0.0,-0.1454489380121231,-0.7708693148876287,back_downstream
0.001500000013038516,-0.9205397367477417,-440.95574951171875,0.14725352823734283,0.0,-0.14725352823734283,-0.7710961732058527,back_downstream
0.001500000013038516,-0.9220389723777771,-441.08905029296875,0.14909666776657104,0.0,-0.14909666776657104,-0.7713292753310002,back_downstream
0.001500000013038516,-0.9235382080078125,-441.2260437011719,0.1509791612625122,0.0,-0.1509791612625122,-0.7715688347265559,back_downstream
0.001500000013038516,-0.9250375032424927,-441.3668212890625,0.15290191769599915,0.0,-0.15290191769599915,-0.7718150114901333,back_downstream
0.001500000013038516,-0.9265367388725281,-441.5115051269531,0.15486587584018707,0.0,-0.15486587584018707,-0.7720680190852167,back_downstream
0.001500000013038516,-0.9280359745025635,-441.66021728515625,0.15687210857868195,0.0,-0.15687210857868195,-0.772328070975291,back_downstream
0.001500000013038516,-0.9295352101325989,-441.8131103515625,0.1589217334985733,0.0,-0.1589217334985733,-0.7725954339897116,back_downstream
0.001500000013038516,-0.931034505367279,-441.97027587890625,0.16101603209972382,0.0,-0.16101603209972382,-0.7728702682260922,back_downstream
0.001500000013038516,-0.9325337409973145,-442.13189697265625,0.16315647959709167,0.0,-0.16315647959709167,-0.7731528938796594,back_downstream
0.001500000013038516,-0.9340329766273499,-442.298095703125,0.1653447300195694,0.0,-0.1653447300195694,-0.7734435244138979,back_downstream
0.001500000013038516,-0.9355322122573853,-442.46905517578125,0.16758288443088531,0.0,-0.16758288443088531,-0.7737424800240345,back_downstream
0.001500000013038516,-0.9370315074920654,-442.64495849609375,0.16987334191799164,0.0,-0.16987334191799164,-0.774050080905296,back_downstream
0.001500000013038516,-0.9385307431221008,-442.8260192871094,0.17221973836421967,0.0,-0.17221973836421967,-0.7743667006187805,back_downstream
0.001500000013038516,-0.9400299787521362,-443.01251220703125,0.1746263951063156,0.0,-0.1746263951063156,-0.7746928194573284,back_downstream
0.001500000013038516,-0.9415292143821716,-443.2047119140625,0.17709645628929138,0.0,-0.17709645628929138,-0.7750289177137798,back_downstream
0.001500000013038516,-0.9430285096168518,-443.4028625488281,0.1796334832906723,0.0,-0.1796334832906723,-0.7753754223151038,back_downstream
0.001500000013038516,-0.9445277452468872,-443.6073303222656,0.18224278092384338,0.0,-0.18224278092384338,-0.7757329736517541,back_downstream
0.001500000013038516,-0.9460269808769226,-443.8184509277344,0.18493106961250305,0.0,-0.18493106961250305,-0.7761021587483135,back_downstream
0.001500000013038516,-0.947526216506958,-444.0367126464844,0.1877061128616333,0.0,-0.1877061128616333,-0.7764838314587199,back_downstream
0.001500000013038516,-0.9490255117416382,-444.2626037597656,0.19057686626911163,0.0,-0.19057686626911163,-0.7768788456369118,back_downstream
0.001500000013038516,-0.9505247473716736,-444.4967346191406,0.1935535967350006,0.0,-0.1935535967350006,-0.7772882686003121,back_downstream
0.001500000013038516,-0.952023983001709,-444.73974609375,0.1966480314731598,0.0,-0.1966480314731598,-0.7777132210322145,back_downstream
0.001500000013038516,-0.9535232186317444,-444.9924011230469,0.19987352192401886,0.0,-0.19987352192401886,-0.7781550370793979,back_downstream
0.001500000013038516,-0.9550225138664246,-445.255615234375,0.20324508845806122,0.0,-0.20324508845806122,-0.7786153177179963,back_downstream
0.001500000013038516,-0.95652174949646,-445.5303649902344,0.2067795991897583,0.0,-0.2067795991897583,-0.7790957706558863,back_downstream
0.001500000013038516,-0.9580209851264954,-445.8177490234375,0.21049582958221436,0.0,-0.21049582958221436,-0.7795983170644291,back_downstream
0.001500000013038516,-0.9595202207565308,-446.1191101074219,0.2144145369529724,0.0,-0.2144145369529724,-0.7801253050419549,back_downstream
0.001500000013038516,-0.9610195159912109,-446.43585205078125,0.21855857968330383,0.0,-0.21855857968330383,-0.7806791894185361,back_downstream
0.001500000013038516,-0.9625187516212463,-446.76959228515625,0.22295312583446503,0.0,-0.22295312583446503,-0.7812627985853433,back_downstream
0.001500000013038516,-0.9640179872512817,-447.12213134765625,0.22762519121170044,0.0,-0.22762519121170044,-0.7818792811287738,back_downstream
0.001500000013038516,-0.9655172228813171,-447.4955139160156,0.23260360956192017,0.0,-0.23260360956192017,-0.7825322125621943,back_downstream
0.001500000013038516,-0.9670165181159973,-447.8919677734375,0.237919420003891,0.0,-0.237919420003891,-0.783225488594198,back_downstream
0.001500000013038516,-0.9685157537460327,-448.3140869140625,0.24361203610897064,0.0,-0.24361203610897064,-0.783963645323832,back_downstream
0.001500000013038516,-0.9700149893760681,-448.7649841308594,0.24972283840179443,0.0,-0.24972283840179443,-0.7847521260699528,back_downstream
0.001500000013038516,-0.9715142250061035,-449.248046875,0.2562863528728485,0.0,-0.2562863528728485,-0.7855968544442571,back_downstream
0.001500000013038516,-0.9730135202407837,-449.7666320800781,0.2633437514305115,0.0,-0.2633437514305115,-0.7865037006925705,back_downstream
0.001500000013038516,-0.9745127558708191,-450.32501220703125,0.27095216512680054,0.0,-0.27095216512680054,-0.7874801360368527,back_downstream
0.001500000013038516,-0.9760119915008545,-450.9283447265625,0.2791779637336731,0.0,-0.2791779637336731,-0.788535179309327,back_downstream
0.001500000013038516,-0.9775112271308899,-451.5826110839844,0.28810176253318787,0.0,-0.28810176253318787,-0.7896792902207371,back_downstream
0.001500000013038516,-0.9790105223655701,-452.29510498046875,0.29781052470207214,0.0,-0.29781052470207214,-0.7909252232142857,back_downstream
0.001500000013038516,-0.9805097579956055,-453.07421875,0.30842897295951843,0.0,-0.30842897295951843,-0.792287653904537,back_downstream
0.001500000013038516,-0.9820089936256409,-453.9313659667969,0.32006996870040894,0.0,-0.32006996870040894,-0.7937865411272981,back_downstream
0.001500000013038516,-0.9835082292556763,-454.87860107421875,0.3329615592956543,0.0,-0.3329615592956543,-0.7954429644016698,back_downstream
0.001500000013038516,-0.9850075244903564,-455.9361572265625,0.3472210466861725,0.0,-0.3472210466861725,-0.7972923053002193,back_downstream
0.001500000013038516,-0.9865067601203918,-457.1204528808594,0.3633509874343872,0.0,-0.3633509874343872,-0.7993632746616208,back_downstream
0.001500000013038516,-0.9880059957504272,-458.4754638671875,0.3813508450984955,0.0,-0.3813508450984955,-0.8017327727061899,back_downstream
0.001500000013038516,-0.9895052313804626,-460.0202941894531,0.4026795029640198,0.0,-0.4026795029640198,-0.8044342064692613,back_downstream
0.001500000013038516,-0.9910045266151428,-461.87774658203125,0.42644619941711426,0.0,-0.42644619941711426,-0.8076823202163097,back_downstream
0.001500000013038516,-0.9925037622451782,-464.02813720703125,0.45819228887557983,0.0,-0.45819228887557983,-0.8114426929604487,back_downstream
0.001500000013038516,-0.9940029978752136,-466.9090576171875,0.49026164412498474,0.0,-0.49026164412498474,-0.8164805379279811,back_downstream
0.001500000013038516,-0.995502233505249,-470.02740478515625,0.553998589515686,0.0,-0.553998589515686,-0.8219335693729972,back_downstream
0.001500000013038516,-0.9970015287399292,-475.3594665527344,0.5939015746116638,0.0,-0.5939015746116638,-0.8312577077447715,back_downstream
0.001500000013038516,-0.9985007643699646,-478.4995422363281,0.7169217467308044,0.0,-0.7169217467308044,-0.8367487356900405,back_downstream
0.001500000013038516,-0.35532233119010925,-433.2685241699219,0.027533067390322685,0.0,-0.027533067390322685,-0.7576535770945775,back_downstream
0.001500000013038516,-0.35382309556007385,-433.2637023925781,0.027413031086325645,0.0,-0.027413031086325645,-0.7576451452869372,back_downstream
0.001500000013038516,-0.35232383012771606,-433.2589111328125,0.027293002232909203,0.0,-0.027293002232909203,-0.7576367668451679,back_downstream
0.001500000013038516,-0.35082459449768066,-433.2541198730469,0.02717304788529873,0.0,-0.02717304788529873,-0.7576283884033986,back_downstream
0.001500000013038516,-0.3493253290653229,-433.2493896484375,0.027053171768784523,0.0,-0.027053171768784523,-0.7576201166933716,back_downstream
0.001500000013038516,-0.3478260934352875,-433.2446594238281,0.026933347806334496,0.0,-0.026933347806334496,-0.7576118449833447,back_downstream
0.001500000013038516,-0.3463268280029297,-433.23992919921875,0.026813549920916557,0.0,-0.026813549920916557,-0.7576035732733176,back_downstream
0.001500000013038516,-0.3448275923728943,-433.2352294921875,0.026693809777498245,0.0,-0.026693809777498245,-0.7575953549291617,back_downstream
0.001500000013038516,-0.3433283269405365,-433.2305603027344,0.02657410316169262,0.0,-0.02657410316169262,-0.757587189950877,back_downstream
0.001500000013038516,-0.3418290913105011,-433.2259216308594,0.02645440399646759,0.0,-0.02645440399646759,-0.7575790783384635,back_downstream
0.001500000013038516,-0.3403298258781433,-433.2213134765625,0.026334717869758606,0.0,-0.026334717869758606,-0.7575710200919211,back_downstream
0.001500000013038516,-0.3388305902481079,-433.2167053222656,0.026215046644210815,0.0,-0.026215046644210815,-0.7575629618453786,back_downstream
0.001500000013038516,-0.3373313248157501,-433.2121276855469,0.02609541267156601,0.0,-0.02609541267156601,-0.7575549569647074,back_downstream
0.001500000013038516,-0.3358320891857147,-433.2075500488281,0.025975797325372696,0.0,-0.025975797325372696,-0.7575469520840361,back_downstream
0.001500000013038516,-0.33433282375335693,-433.2030029296875,0.025856174528598785,0.0,-0.025856174528598785,-0.757539000569236,back_downstream
0.001500000013038516,-0.33283358812332153,-433.198486328125,0.025736557319760323,0.0,-0.025736557319760323,-0.757531102420307,back_downstream
0.001500000013038516,-0.33133432269096375,-433.1940002441406,0.025616945698857307,0.0,-0.025616945698857307,-0.7575232576372491,back_downstream
0.001500000013038516,-0.32983508706092834,-433.18951416015625,0.025497358292341232,0.0,-0.025497358292341232,-0.7575154128541913,back_downstream
0.001500000013038516,-0.32833582162857056,-433.1850891113281,0.025377793237566948,0.0,-0.025377793237566948,-0.7575076748028757,back_downstream
0.001500000013038516,-0.32683658599853516,-433.1806335449219,0.0252582598477602,0.0,-0.0252582598477602,-0.757499883385689,back_downstream
0.001500000013038516,-0.32533732056617737,-433.1762390136719,0.02513875812292099,0.0,-0.02513875812292099,-0.7574921987002446,back_downstream
0.001500000013038516,-0.32383808493614197,-433.1718444824219,0.025019312277436256,0.0,-0.025019312277436256,-0.7574845140148002,back_downstream
0.001500000013038516,-0.3223388195037842,-433.16748046875,0.024899909272789955,0.0,-0.024899909272789955,-0.7574768826952268,back_downstream
0.001500000013038516,-0.3208395838737488,-433.16314697265625,0.024780521169304848,0.0,-0.024780521169304848,-0.7574693047415247,back_downstream
0.001500000013038516,-0.319340318441391,-433.1588134765625,0.02466115914285183,0.0,-0.02466115914285183,-0.7574617267878226,back_downstream
0.001500000013038516,-0.3178410828113556,-433.1545104980469,0.0245418231934309,0.0,-0.0245418231934309,-0.7574542021999916,back_downstream
0.001500000013038516,-0.3163418173789978,-433.1502380371094,0.02442251890897751,0.0,-0.02442251890897751,-0.7574467309780317,back_downstream
0.001500000013038516,-0.3148425817489624,-433.14599609375,0.024303240701556206,0.0,-0.024303240701556206,-0.757439313121943,back_downstream
0.001500000013038516,-0.3133433163166046,-433.1417541503906,0.024183981120586395,0.0,-0.024183981120586395,-0.7574318952658543,back_downstream
0.001500000013038516,-0.3118440806865692,-433.1375427246094,0.024064738303422928,0.0,-0.024064738303422928,-0.7574245307756368,back_downstream
0.001500000013038516,-0.3103448152542114,-433.1333312988281,0.023945512250065804,0.0,-0.023945512250065804,-0.7574171662854191,back_downstream
0.001500000013038516,-0.308845579624176,-433.1291809082031,0.02382630482316017,0.0,-0.02382630482316017,-0.7574099085269439,back_downstream
0.001500000013038516,-0.30734631419181824,-433.1250305175781,0.023707116022706032,0.0,-0.023707116022706032,-0.7574026507684686,back_downstream
0.001500000013038516,-0.30584707856178284,-433.1208801269531,0.023587951436638832,0.0,-0.023587951436638832,-0.7573953930099933,back_downstream
0.001500000013038516,-0.30434781312942505,-433.1167907714844,0.02346881292760372,0.0,-0.02346881292760372,-0.7573882419832603,back_downstream
0.001500000013038516,-0.30284857749938965,-433.1127014160156,0.023349706083536148,0.0,-0.023349706083536148,-0.7573810909565273,back_downstream
0.001500000013038516,-0.30134931206703186,-433.108642578125,0.02323063462972641,0.0,-0.02323063462972641,-0.7573739932956653,back_downstream
0.001500000013038516,-0.29985007643699646,-433.1045837402344,0.02311159484088421,0.0,-0.02311159484088421,-0.7573668956348035,back_downstream
0.001500000013038516,-0.29835081100463867,-433.1005859375,0.022992582991719246,0.0,-0.022992582991719246,-0.7573599047056839,back_downstream
0.001500000013038516,-0.29685157537460327,-433.0965881347656,0.02287360094487667,0.0,-0.02287360094487667,-0.7573529137765643,back_downstream
0.001500000013038516,-0.2953523099422455,-433.09259033203125,0.022754661738872528,0.0,-0.022754661738872528,-0.7573459228474448,back_downstream
0.001500000013038516,-0.2938530743122101,-433.0886535644531,0.02263578027486801,0.0,-0.02263578027486801,-0.7573390386500675,back_downstream
0.001500000013038516,-0.2923538088798523,-433.084716796875,0.022516924887895584,0.0,-0.022516924887895584,-0.7573321544526902,back_downstream
0.001500000013038516,-0.2908545732498169,-433.0807800292969,0.02239806018769741,0.0,-0.02239806018769741,-0.7573252702553129,back_downstream
0.001500000013038516,-0.2893553078174591,-433.076904296875,0.02227918431162834,0.0,-0.02227918431162834,-0.7573184927896779,back_downstream
0.001500000013038516,-0.2878560721874237,-433.0730285644531,0.022160295397043228,0.0,-0.022160295397043228,-0.7573117153240428,back_downstream
0.001500000013038516,-0.2863568067550659,-433.06915283203125,0.022041402757167816,0.0,-0.022041402757167816,-0.7573049378584078,back_downstream
0.001500000013038516,-0.2848575711250305,-433.0653381347656,0.021922500804066658,0.0,-0.021922500804066658,-0.7572982671245151,back_downstream
0.001500000013038516,-0.2833583354949951,-433.0615234375,0.021803604438900948,0.0,-0.021803604438900948,-0.7572915963906224,back_downstream
0.001500000013038516,-0.28185907006263733,-433.0577392578125,0.021684741601347923,0.0,-0.021684741601347923,-0.7572849790226008,back_downstream
0.001500000013038516,-0.28035983443260193,-433.053955078125,0.02156589925289154,0.0,-0.02156589925289154,-0.7572783616545792,back_downstream
0.001500000013038516,-0.27886056900024414,-433.05023193359375,0.02144705504179001,0.0,-0.02144705504179001,-0.7572718510182999,back_downstream
0.001500000013038516,-0.27736133337020874,-433.0465087890625,0.021328220143914223,0.0,-0.021328220143914223,-0.7572653403820206,back_downstream
0.001500000013038516,-0.27586206793785095,-433.04278564453125,0.02120940573513508,0.0,-0.02120940573513508,-0.7572588297457413,back_downstream
0.001500000013038516,-0.27436283230781555,-433.03912353515625,0.02109062485396862,0.0,-0.02109062485396862,-0.7572524258412043,back_downstream
0.001500000013038516,-0.27286356687545776,-433.03546142578125,0.020971883088350296,0.0,-0.020971883088350296,-0.7572460219366672,back_downstream
0.001500000013038516,-0.27136433124542236,-433.03179931640625,0.020853206515312195,0.0,-0.020853206515312195,-0.7572396180321302,back_downstream
0.001500000013038516,-0.2698650658130646,-433.0281982421875,0.020734570920467377,0.0,-0.020734570920467377,-0.7572333208593355,back_downstream
0.001500000013038516,-0.2683658301830292,-433.02459716796875,0.020615948364138603,0.0,-0.020615948364138603,-0.7572270236865407,back_downstream
0.001500000013038516,-0.2668665647506714,-433.0210266113281,0.020497344434261322,0.0,-0.020497344434261322,-0.7572207798796171,back_downstream
0.001500000013038516,-0.265367329120636,-433.0174560546875,0.020378760993480682,0.0,-0.020378760993480682,-0.7572145360726936,back_downstream
0.001500000013038516,-0.2638680636882782,-433.013916015625,0.020260222256183624,0.0,-0.020260222256183624,-0.7572083456316411,back_downstream
0.001500000013038516,-0.2623688280582428,-433.0104064941406,0.020141709595918655,0.0,-0.020141709595918655,-0.7572022085564598,back_downstream
0.001500000013038516,-0.260869562625885,-433.0069274902344,0.020023202523589134,0.0,-0.020023202523589134,-0.7571961248471496,back_downstream
0.001500000013038516,-0.2593703269958496,-433.0034484863281,0.01990469917654991,0.0,-0.01990469917654991,-0.7571900411378395,back_downstream
0.001500000013038516,-0.2578710615634918,-433.0,0.019786207005381584,0.0,-0.019786207005381584,-0.7571840107944005,back_downstream
0.001500000013038516,-0.2563718259334564,-432.9965515136719,0.01966772973537445,0.0,-0.01966772973537445,-0.7571779804509614,back_downstream
0.001500000013038516,-0.25487256050109863,-432.9931335449219,0.01954927109181881,0.0,-0.01954927109181881,-0.7571720034733935,back_downstream
0.001500000013038516,-0.25337332487106323,-432.98974609375,0.019430825486779213,0.0,-0.019430825486779213,-0.7571660798616968,back_downstream
0.001500000013038516,-0.25187405943870544,-432.98638916015625,0.019312391057610512,0.0,-0.019312391057610512,-0.7571602096158712,back_downstream
0.001500000013038516,-0.25037482380867004,-432.9830322265625,0.019193969666957855,0.0,-0.019193969666957855,-0.7571543393700456,back_downstream
0.001500000013038516,-0.24887555837631226,-432.9797058105469,0.019075561314821243,0.0,-0.019075561314821243,-0.7571485224900911,back_downstream
0.001500000013038516,-0.24737630784511566,-432.97637939453125,0.018957164138555527,0.0,-0.018957164138555527,-0.7571427056101366,back_downstream
0.001500000013038516,-0.24587705731391907,-432.97308349609375,0.01883879117667675,0.0,-0.01883879117667675,-0.7571369420960533,back_downstream
0.001500000013038516,-0.24437780678272247,-432.9698181152344,0.018720431253314018,0.0,-0.018720431253314018,-0.7571312319478412,back_downstream
0.001500000013038516,-0.24287855625152588,-432.9665832519531,0.01860206387937069,0.0,-0.01860206387937069,-0.7571255751655002,back_downstream
0.001500000013038516,-0.24137930572032928,-432.9633483886719,0.018483683466911316,0.0,-0.018483683466911316,-0.7571199183831591,back_downstream
0.001500000013038516,-0.2398800551891327,-432.96014404296875,0.01836528442800045,0.0,-0.01836528442800045,-0.7571143149666892,back_downstream
0.001500000013038516,-0.2383808046579361,-432.9569396972656,0.018246877938508987,0.0,-0.018246877938508987,-0.7571087115502193,back_downstream
0.001500000013038516,-0.2368815541267395,-432.95379638671875,0.018128488212823868,0.0,-0.018128488212823868,-0.7571032148654917,back_downstream
0.001500000013038516,-0.2353823035955429,-432.9506530761719,0.018010102212429047,0.0,-0.018010102212429047,-0.7570977181807641,back_downstream
0.001500000013038516,-0.2338830530643463,-432.947509765625,0.017891710624098778,0.0,-0.017891710624098778,-0.7570922214960365,back_downstream
0.001500000013038516,-0.23238380253314972,-432.94439697265625,0.017773302271962166,0.0,-0.017773302271962166,-0.75708677817718,back_downstream
0.001500000013038516,-0.23088455200195312,-432.9413146972656,0.017654864117503166,0.0,-0.017654864117503166,-0.7570813882241947,back_downstream
0.001500000013038516,-0.22938530147075653,-432.9382629394531,0.017536409199237823,0.0,-0.017536409199237823,-0.7570760516370805,back_downstream
0.001500000013038516,-0.22788605093955994,-432.9352111816406,0.017417941242456436,0.0,-0.017417941242456436,-0.7570707150499663,back_downstream
0.001500000013038516,-0.22638680040836334,-432.93218994140625,0.01729946956038475,0.0,-0.01729946956038475,-0.7570654318287232,back_downstream
0.001500000013038516,-0.22488754987716675,-432.9291687011719,0.017180992290377617,0.0,-0.017180992290377617,-0.7570601486074802,back_downstream
0.001500000013038516,-0.22338829934597015,-432.92620849609375,0.017062509432435036,0.0,-0.017062509432435036,-0.7570549721179795,back_downstream
0.001500000013038516,-0.22188904881477356,-432.9232482910156,0.016944019123911858,0.0,-0.016944019123911858,-0.7570497956284787,back_downstream
0.001500000013038516,-0.22038979828357697,-432.9202880859375,0.016825523227453232,0.0,-0.016825523227453232,-0.7570446191389779,back_downstream
0.001500000013038516,-0.21889054775238037,-432.9173583984375,0.01670701615512371,0.0,-0.01670701615512371,-0.7570394960153484,back_downstream
0.001500000013038516,-0.21739129722118378,-432.9144592285156,0.016588499769568443,0.0,-0.016588499769568443,-0.7570344262575899,back_downstream
0.001500000013038516,-0.21589204668998718,-432.9115905761719,0.01646997779607773,0.0,-0.01646997779607773,-0.7570294098657026,back_downstream
0.001500000013038516,-0.2143927961587906,-432.9087219238281,0.016351476311683655,0.0,-0.016351476311683655,-0.7570243934738152,back_downstream
0.001500000013038516,-0.2128935605287552,-432.9058837890625,0.01623298041522503,0.0,-0.01623298041522503,-0.757019430447799,back_downstream
0.001500000013038516,-0.2113943099975586,-432.903076171875,0.01611446589231491,0.0,-0.01611446589231491,-0.757014520787654,back_downstream
0.001500000013038516,-0.209895059466362,-432.9002685546875,0.0159959364682436,0.0,-0.0159959364682436,-0.7570096111275089,back_downstream
0.001500000013038516,-0.2083958089351654,-432.8974914550781,0.01587739773094654,0.0,-0.01587739773094654,-0.7570047548332349,back_downstream
0.001500000013038516,-0.2068965584039688,-432.8947448730469,0.015758872032165527,0.0,-0.015758872032165527,-0.7569999519048322,back_downstream
0.001500000013038516,-0.20539730787277222,-432.8919982910156,0.01564035937190056,0.0,-0.01564035937190056,-0.7569951489764295,back_downstream
0.001500000013038516,-0.20389805734157562,-432.8892822265625,0.015521864406764507,0.0,-0.015521864406764507,-0.7569903994138978,back_downstream
0.001500000013038516,-0.20239880681037903,-432.8865966796875,0.0154033824801445,0.0,-0.0154033824801445,-0.7569857032172373,back_downstream
0.001500000013038516,-0.20089955627918243,-432.8839111328125,0.01528492383658886,0.0,-0.01528492383658886,-0.7569810070205768,back_downstream
0.001500000013038516,-0.19940030574798584,-432.8812561035156,0.015166476368904114,0.0,-0.015166476368904114,-0.7569763641897875,back_downstream
0.001500000013038516,-0.19790105521678925,-432.87860107421875,0.01504802331328392,0.0,-0.01504802331328392,-0.7569717213589982,back_downstream
0.001500000013038516,-0.19640180468559265,-432.8760070800781,0.01492956280708313,0.0,-0.01492956280708313,-0.7569671852599511,back_downstream
0.001500000013038516,-0.19490255415439606,-432.8734130859375,0.014811099506914616,0.0,-0.014811099506914616,-0.756962649160904,back_downstream
0.001500000013038516,-0.19340330362319946,-432.8708190917969,0.014692654833197594,0.0,-0.014692654833197594,-0.756958113061857,back_downstream
0.001500000013038516,-0.19190405309200287,-432.8682861328125,0.014574217610061169,0.0,-0.014574217610061169,-0.7569536836945522,back_downstream
0.001500000013038516,-0.19040480256080627,-432.8657531738281,0.014455771073698997,0.0,-0.014455771073698997,-0.7569492543272475,back_downstream
0.001500000013038516,-0.18890555202960968,-432.86322021484375,0.01433731522411108,0.0,-0.01433731522411108,-0.7569448249599426,back_downstream
0.001500000013038516,-0.18740630149841309,-432.8607177734375,0.01421885285526514,0.0,-0.01421885285526514,-0.7569404489585091,back_downstream
0.001500000013038516,-0.1859070509672165,-432.8582458496094,0.0141003942117095,0.0,-0.0141003942117095,-0.7569361263229466,back_downstream
0.001500000013038516,-0.1844078004360199,-432.8558044433594,0.013981932774186134,0.0,-0.013981932774186134,-0.7569318570532552,back_downstream
0.001500000013038516,-0.1829085499048233,-432.8533630371094,0.013863462954759598,0.0,-0.013863462954759598,-0.7569275877835638,back_downstream
0.001500000013038516,-0.1814092993736267,-432.8509521484375,0.013744980096817017,0.0,-0.013744980096817017,-0.7569233718797437,back_downstream
0.001500000013038516,-0.17991004884243011,-432.84857177734375,0.013626478612422943,0.0,-0.013626478612422943,-0.7569192093417946,back_downstream
0.001500000013038516,-0.17841079831123352,-432.84619140625,0.013507956638932228,0.0,-0.013507956638932228,-0.7569150468038456,back_downstream
0.001500000013038516,-0.17691154778003693,-432.8438415527344,0.013389409519731998,0.0,-0.013389409519731998,-0.7569109376317676,back_downstream
0.001500000013038516,-0.17541229724884033,-432.84149169921875,0.013270837254822254,0.0,-0.013270837254822254,-0.7569068284596897,back_downstream
0.001500000013038516,-0.17391304671764374,-432.83917236328125,0.01315224077552557,0.0,-0.01315224077552557,-0.7569027726534829,back_downstream
0.001500000013038516,-0.17241379618644714,-432.8368835449219,0.01303363498300314,0.0,-0.01303363498300314,-0.7568987702131472,back_downstream
0.001500000013038516,-0.17091454565525055,-432.8346252441406,0.01291501335799694,0.0,-0.01291501335799694,-0.7568948211386828,back_downstream
0.001500000013038516,-0.16941529512405396,-432.8323669433594,0.012796368449926376,0.0,-0.012796368449926376,-0.7568908720642182,back_downstream
0.001500000013038516,-0.16791604459285736,-432.8301086425781,0.012677690014243126,0.0,-0.012677690014243126,-0.7568869229897538,back_downstream
0.001500000013038516,-0.16641679406166077,-432.8279113769531,0.012558978982269764,0.0,-0.012558978982269764,-0.7568830806470316,back_downstream
0.001500000013038516,-0.16491754353046417,-432.8257141113281,0.012440234422683716,0.0,-0.012440234422683716,-0.7568792383043094,back_downstream
0.001500000013038516,-0.16341829299926758,-432.82354736328125,0.012321448884904385,0.0,-0.012321448884904385,-0.7568754493274583,back_downstream
0.001500000013038516,-0.16191904246807098,-432.8213806152344,0.012202625162899494,0.0,-0.012202625162899494,-0.7568716603506073,back_downstream
0.001500000013038516,-0.1604197919368744,-432.8192443847656,0.012083768844604492,0.0,-0.012083768844604492,-0.7568679247396273,back_downstream
0.001500000013038516,-0.1589205414056778,-432.817138671875,0.011964906938374043,0.0,-0.011964906938374043,-0.7568642424945184,back_downstream
0.001500000013038516,-0.1574212908744812,-432.8150329589844,0.011846034787595272,0.0,-0.011846034787595272,-0.7568605602494097,back_downstream
0.001500000013038516,-0.1559220403432846,-432.8129577636719,0.011727145873010159,0.0,-0.011727145873010159,-0.7568569313701721,back_downstream
0.001500000013038516,-0.154422789812088,-432.8109130859375,0.011608241125941277,0.0,-0.011608241125941277,-0.7568533558568056,back_downstream
0.001500000013038516,-0.15292353928089142,-432.80889892578125,0.011489330790936947,0.0,-0.011489330790936947,-0.7568498337093102,back_downstream
0.001500000013038516,-0.15142428874969482,-432.806884765625,0.01137042697519064,0.0,-0.01137042697519064,-0.7568463115618148,back_downstream
0.001500000013038516,-0.14992503821849823,-432.80487060546875,0.011251530610024929,0.0,-0.011251530610024929,-0.7568427894143195,back_downstream
0.001500000013038516,-0.14842578768730164,-432.80291748046875,0.011132638901472092,0.0,-0.011132638901472092,-0.7568393739985664,back_downstream
0.001500000013038516,-0.14692653715610504,-432.80096435546875,0.011013749055564404,0.0,-0.011013749055564404,-0.7568359585828133,back_downstream
0.001500000013038516,-0.14542728662490845,-432.7990417480469,0.010894853621721268,0.0,-0.010894853621721268,-0.7568325965329313,back_downstream
0.001500000013038516,-0.14392803609371185,-432.797119140625,0.01077594980597496,0.0,-0.01077594980597496,-0.7568292344830494,back_downstream
0.001500000013038516,-0.14242878556251526,-432.79522705078125,0.010657047852873802,0.0,-0.010657047852873802,-0.7568259257990386,back_downstream
0.001500000013038516,-0.14092953503131866,-432.7933654785156,0.010538136586546898,0.0,-0.010538136586546898,-0.756822670480899,back_downstream
0.001500000013038516,-0.13943028450012207,-432.79150390625,0.010419195517897606,0.0,-0.010419195517897606,-0.7568194151627593,back_downstream
0.001500000013038516,-0.13793103396892548,-432.7896728515625,0.0103002293035388,0.0,-0.0103002293035388,-0.7568162132104909,back_downstream
0.001500000013038516,-0.13643178343772888,-432.7878723144531,0.010181239806115627,0.0,-0.010181239806115627,-0.7568130646240935,back_downstream
0.001500000013038516,-0.1349325329065323,-432.78607177734375,0.010062234476208687,0.0,-0.010062234476208687,-0.7568099160376961,back_downstream
0.001500000013038516,-0.1334332823753357,-432.7843017578125,0.009943208657205105,0.0,-0.009943208657205105,-0.7568068208171699,back_downstream
0.001500000013038516,-0.1319340318441391,-432.7825622558594,0.009824167005717754,0.0,-0.009824167005717754,-0.7568037789625148,back_downstream
0.001500000013038516,-0.1304347813129425,-432.78082275390625,0.009705121628940105,0.0,-0.009705121628940105,-0.7568007371078597,back_downstream
0.001500000013038516,-0.1289355307817459,-432.77911376953125,0.009586081840097904,0.0,-0.009586081840097904,-0.7567977486190758,back_downstream
0.001500000013038516,-0.12743628025054932,-432.77740478515625,0.009467057883739471,0.0,-0.009467057883739471,-0.7567947601302918,back_downstream
0.001500000013038516,-0.12593702971935272,-432.7757568359375,0.009348046034574509,0.0,-0.009348046034574509,-0.7567918783732501,back_downstream
0.001500000013038516,-0.12443777918815613,-432.7740783691406,0.009229040704667568,0.0,-0.009229040704667568,-0.7567889432503374,back_downstream
0.001500000013038516,-0.12293852865695953,-432.7724609375,0.009110046550631523,0.0,-0.009110046550631523,-0.7567861148591668,back_downstream
0.001500000013038516,-0.12143927812576294,-432.7708435058594,0.008991077542304993,0.0,-0.008991077542304993,-0.7567832864679963,back_downstream
0.001500000013038516,-0.11994002759456635,-432.7692565917969,0.008872110396623611,0.0,-0.008872110396623611,-0.756780511442697,back_downstream
0.001500000013038516,-0.11844077706336975,-432.7676696777344,0.008753118105232716,0.0,-0.008753118105232716,-0.7567777364173975,back_downstream
0.001500000013038516,-0.11694152653217316,-432.76611328125,0.008634086698293686,0.0,-0.008634086698293686,-0.7567750147579694,back_downstream
0.001500000013038516,-0.11544227600097656,-432.76458740234375,0.008515017107129097,0.0,-0.008515017107129097,-0.7567723464644123,back_downstream
0.001500000013038516,-0.11394302546977997,-432.7630615234375,0.008395914919674397,0.0,-0.008395914919674397,-0.7567696781708552,back_downstream
0.001500000013038516,-0.11244377493858337,-432.7615661621094,0.00827678944915533,0.0,-0.00827678944915533,-0.7567670632431692,back_downstream
0.001500000013038516,-0.11094452440738678,-432.7601013183594,0.008157659322023392,0.0,-0.008157659322023392,-0.7567645016813543,back_downstream
0.001500000013038516,-0.10944527387619019,-432.7586364746094,0.00803851056843996,0.0,-0.00803851056843996,-0.7567619401195396,back_downstream
0.001500000013038516,-0.10794602334499359,-432.7572021484375,0.007919327355921268,0.0,-0.007919327355921268,-0.756759431923596,back_downstream
0.001500000013038516,-0.1064467802643776,-432.75579833984375,0.007800107356160879,0.0,-0.007800107356160879,-0.7567569770935234,back_downstream
0.001500000013038516,-0.104947529733181,-432.75439453125,0.007680859416723251,0.0,-0.007680859416723251,-0.7567545222634509,back_downstream
0.001500000013038516,-0.1034482792019844,-432.7530212402344,0.007561592850834131,0.0,-0.007561592850834131,-0.7567521207992495,back_downstream
0.001500000013038516,-0.10194902867078781,-432.75164794921875,0.007442304864525795,0.0,-0.007442304864525795,-0.7567497193350481,back_downstream
0.001500000013038516,-0.10044977813959122,-432.75030517578125,0.007322992663830519,0.0,-0.007322992663830519,-0.7567473712367179,back_downstream
0.001500000013038516,-0.09895052760839462,-432.7489929199219,0.007203643210232258,0.0,-0.007203643210232258,-0.7567450765042587,back_downstream
0.001500000013038516,-0.09745127707719803,-432.7477111816406,0.007084253244102001,0.0,-0.007084253244102001,-0.7567428351376708,back_downstream
0.001500000013038516,-0.09595202654600143,-432.7464294433594,0.006964837200939655,0.0,-0.006964837200939655,-0.7567405937710828,back_downstream
0.001500000013038516,-0.09445277601480484,-432.7451477050781,0.0068454258143901825,0.0,-0.0068454258143901825,-0.7567383524044949,back_downstream
0.001500000013038516,-0.09295352548360825,-432.7439270019531,0.006726001389324665,0.0,-0.006726001389324665,-0.7567362177696492,back_downstream
0.001500000013038516,-0.09145427495241165,-432.7427062988281,0.006606526207178831,0.0,-0.006606526207178831,-0.7567340831348035,back_downstream
0.001500000013038516,-0.08995502442121506,-432.7414855957031,0.006487012375146151,0.0,-0.006487012375146151,-0.7567319484999578,back_downstream
0.001500000013038516,-0.08845577389001846,-432.7403259277344,0.006367476191371679,0.0,-0.006367476191371679,-0.7567299205968545,back_downstream
0.001500000013038516,-0.08695652335882187,-432.7391662597656,0.006247916724532843,0.0,-0.006247916724532843,-0.7567278926937511,back_downstream
0.001500000013038516,-0.08545727282762527,-432.7380065917969,0.006128338631242514,0.0,-0.006128338631242514,-0.7567258647906477,back_downstream
0.001500000013038516,-0.08395802229642868,-432.73687744140625,0.006008731666952372,0.0,-0.006008731666952372,-0.7567238902534155,back_downstream
0.001500000013038516,-0.08245877176523209,-432.73577880859375,0.005889100022614002,0.0,-0.005889100022614002,-0.7567219690820544,back_downstream
0.001500000013038516,-0.08095952123403549,-432.7347106933594,0.005769446957856417,0.0,-0.005769446957856417,-0.7567201012765644,back_downstream
0.001500000013038516,-0.0794602707028389,-432.733642578125,0.005649741739034653,0.0,-0.005649741739034653,-0.7567182334710744,back_downstream
0.001500000013038516,-0.0779610201716423,-432.73260498046875,0.005529976915568113,0.0,-0.005529976915568113,-0.7567164190314556,back_downstream
0.001500000013038516,-0.07646176964044571,-432.7315673828125,0.005410169716924429,0.0,-0.005410169716924429,-0.7567146045918368,back_downstream
0.001500000013038516,-0.07496251910924911,-432.7305603027344,0.005290350876748562,0.0,-0.005290350876748562,-0.7567128435180891,back_downstream
0.001500000013038516,-0.07346326857805252,-432.7295837402344,0.00517050176858902,0.0,-0.00517050176858902,-0.7567111358102125,back_downstream
0.001500000013038516,-0.07196401804685593,-432.7286071777344,0.0050506023690104485,0.0,-0.0050506023690104485,-0.756709428102336,back_downstream
0.001500000013038516,-0.07046476751565933,-432.7276611328125,0.004930644296109676,0.0,-0.004930644296109676,-0.7567077737603306,back_downstream
0.001500000013038516,-0.06896551698446274,-432.72674560546875,0.0048106336034834385,0.0,-0.0048106336034834385,-0.7567061727841964,back_downstream
0.001500000013038516,-0.06746626645326614,-432.725830078125,0.004690625239163637,0.0,-0.004690625239163637,-0.756704571808062,back_downstream
0.001500000013038516,-0.06596701592206955,-432.7249450683594,0.004570751916617155,0.0,-0.004570751916617155,-0.756703024197799,back_downstream
0.001500000013038516,-0.06446776539087296,-432.7240905761719,0.004450846929103136,0.0,-0.004450846929103136,-0.756701529953407,back_downstream
0.001500000013038516,-0.06296851485967636,-432.7232360839844,0.004330627620220184,0.0,-0.004330627620220184,-0.756700035709015,back_downstream
0.001500000013038516,-0.06146926432847977,-432.722412109375,0.004210295155644417,0.0,-0.004210295155644417,-0.7566985948304942,back_downstream
0.001500000013038516,-0.05997001379728317,-432.7215881347656,0.004090007860213518,0.0,-0.004090007860213518,-0.7566971539519733,back_downstream
0.001500000013038516,-0.05847076326608658,-432.7207946777344,0.003969758283346891,0.0,-0.003969758283346891,-0.7566957664393237,back_downstream
0.001500000013038516,-0.056971512734889984,-432.72003173828125,0.0038495617918670177,0.0,-0.0038495617918670177,-0.7566944322925452,back_downstream
0.001500000013038516,-0.05547226220369339,-432.71929931640625,0.0037293483037501574,0.0,-0.0037293483037501574,-0.7566931515116377,back_downstream
0.001500000013038516,-0.053973011672496796,-432.71856689453125,0.003609105246141553,0.0,-0.003609105246141553,-0.7566918707307303,back_downstream
0.001500000013038516,-0.0524737648665905,-432.7178649902344,0.0034888284280896187,0.0,-0.0034888284280896187,-0.756690643315694,back_downstream
0.001500000013038516,-0.050974514335393906,-432.7171630859375,0.0033684854861348867,0.0,-0.0033684854861348867,-0.7566894159006579,back_downstream
0.001500000013038516,-0.04947526380419731,-432.71649169921875,0.0032480827067047358,0.0,-0.0032480827067047358,-0.7566882418514926,back_downstream
0.001500000013038516,-0.04797601327300072,-432.7158508300781,0.003127683186903596,0.0,-0.003127683186903596,-0.7566871211681987,back_downstream
0.001500000013038516,-0.04647676274180412,-432.7152099609375,0.0030072906520217657,0.0,-0.0030072906520217657,-0.7566860004849048,back_downstream
0.001500000013038516,-0.04497751221060753,-432.714599609375,0.0028868766967207193,0.0,-0.0028868766967207193,-0.7566849331674819,back_downstream
0.001500000013038516,-0.043478261679410934,-432.7140197753906,0.002766428980976343,0.0,-0.002766428980976343,-0.7566839192159303,back_downstream
0.001500000013038516,-0.04197901114821434,-432.71343994140625,0.002645904663950205,0.0,-0.002645904663950205,-0.7566829052643785,back_downstream
0.001500000013038516,-0.040479760617017746,-432.712890625,0.002525322837755084,0.0,-0.002525322837755084,-0.756681944678698,back_downstream
0.001500000013038516,-0.03898051008582115,-432.7123718261719,0.0024047084152698517,0.0,-0.0024047084152698517,-0.7566810374588886,back_downstream
0.001500000013038516,-0.03748125955462456,-432.71185302734375,0.002284058602526784,0.0,-0.002284058602526784,-0.7566801302390791,back_downstream
0.001500000013038516,-0.03598200902342796,-432.71136474609375,0.002163392724469304,0.0,-0.002163392724469304,-0.7566792763851409,back_downstream
0.001500000013038516,-0.03448275849223137,-432.71087646484375,0.0020426930859684944,0.0,-0.0020426930859684944,-0.7566784225312025,back_downstream
0.001500000013038516,-0.032983507961034775,-432.7104187011719,0.001921944785863161,0.0,-0.001921944785863161,-0.7566776220431355,back_downstream
0.001500000013038516,-0.03148425742983818,-432.7099914550781,0.00180111825466156,0.0,-0.00180111825466156,-0.7566768749209395,back_downstream
0.001500000013038516,-0.029985006898641586,-432.7095947265625,0.0016801533056423068,0.0,-0.0016801533056423068,-0.7566761811646147,back_downstream
0.001500000013038516,-0.028485756367444992,-432.7091979980469,0.0015591089613735676,0.0,-0.0015591089613735676,-0.7566754874082898,back_downstream
0.001500000013038516,-0.026986505836248398,-432.7088317871094,0.0014379913918673992,0.0,-0.0014379913918673992,-0.756674847017836,back_downstream
0.001500000013038516,-0.025487257167696953,-432.70849609375,0.001316786278039217,0.0,-0.001316786278039217,-0.7566742599932536,back_downstream
0.001500000013038516,-0.02398800663650036,-432.7081604003906,0.0011955375084653497,0.0,-0.0011955375084653497,-0.7566736729686709,back_downstream
0.001500000013038516,-0.022488756105303764,-432.7078552246094,0.0010742529993876815,0.0,-0.0010742529993876815,-0.7566731393099595,back_downstream
0.001500000013038516,-0.02098950557410717,-432.7075500488281,0.0009530279203318059,0.0,-0.0009530279203318059,-0.7566726056512482,back_downstream
0.001500000013038516,-0.019490255042910576,-432.7073059082031,0.0008319250773638487,0.0,-0.0008319250773638487,-0.7566721787242789,back_downstream
0.001500000013038516,-0.01799100451171398,-432.70703125,0.0007107523852027953,0.0,-0.0007107523852027953,-0.7566716984314387,back_downstream
0.001500000013038516,-0.016491753980517387,-432.7068176269531,0.0005892512272112072,0.0,-0.0005892512272112072,-0.7566713248703407,back_downstream
0.001500000013038516,-0.014992503449320793,-432.70660400390625,0.00046742838458158076,0.0,-0.00046742838458158076,-0.7566709513092428,back_downstream
0.001500000013038516,-0.013493252918124199,-432.7064208984375,0.0003449747455306351,0.0,-0.0003449747455306351,-0.7566706311140159,back_downstream
0.001500000013038516,-0.01199400331825018,-432.70623779296875,0.00022297989926300943,0.0,-0.00022297989926300943,-0.756670310918789,back_downstream
0.001500000013038516,-0.010494752787053585,-432.7060852050781,0.0001017850954667665,0.0,-0.0001017850954667665,-0.7566700440894333,back_downstream
0.001500000013038516,-0.00899550225585699,-432.7059631347656,6.124279752839357e-05,0.0,2.0143965230090544e-05,-0.7566698306259487,back_downstream
0.001500000013038516,-0.007496251724660397,-432.7058410644531,0.00014245758939068764,0.0,0.00014245758939068764,-0.7566696171624642,back_downstream
0.001500000013038516,-0.00599700165912509,-432.70574951171875,0.0002648319932632148,0.0,0.0002648319932632148,-0.7566694570648508,back_downstream
0.001500000013038516,-0.004497751127928495,-432.7056884765625,0.00038746336940675974,0.0,0.00038746336940675974,-0.7566693503331084,back_downstream
0.001500000013038516,-0.002998500829562545,-432.70562744140625,0.0005103325820527971,0.0,0.0005103325820527971,-0.7566692436013662,back_downstream
0.001500000013038516,-0.0014992504147812724,-432.7055969238281,0.0006336712394841015,0.0,0.0006336712394841015,-0.7566691902354951,back_downstream
0.001500000013038516,8.881784197001252e-16,-432.7055969238281,0.0007572376634925604,0.0,0.0007572376634925604,-0.7566691902354951,back_downstream
0.001500000013038516,0.0014992504147812724,-432.70562744140625,0.0008804172393865883,0.0,0.0008804172393865883,-0.7566692436013662,back_downstream
0.001500000013038516,0.002998500829562545,-432.7056884765625,0.0010030122939497232,0.0,0.0010030122939497232,-0.7566693503331084,back_downstream
0.001500000013038516,0.004497751127928495,-432.70574951171875,0.0011252686381340027,0.0,0.0011252686381340027,-0.7566694570648508,back_downstream
0.001500000013038516,0.00599700165912509,-432.7058410644531,0.0012473238166421652,0.0,0.0012473238166421652,-0.7566696171624642,back_downstream
0.001500000013038516,0.007496251724660397,-432.7059631347656,0.001369223347865045,0.0,0.001369223347865045,-0.7566698306259487,back_downstream
0.001500000013038516,0.00899550225585699,-432.70611572265625,0.001490999711677432,0.0,0.001490999711677432,-0.7566700974553044,back_downstream
0.001500000013038516,0.010494752787053585,-432.7062683105469,0.0016126822447404265,0.0,0.0016126822447404265,-0.7566703642846602,back_downstream
0.001500000013038516,0.01199400331825018,-432.7064208984375,0.0017343019135296345,0.0,0.0017343019135296345,-0.7566706311140159,back_downstream
0.001500000013038516,0.013493252918124199,-432.7066345214844,0.0018559007439762354,0.0,0.0018559007439762354,-0.7566710046751138,back_downstream
0.001500000013038516,0.014992503449320793,-432.70684814453125,0.0019774248357862234,0.0,0.0019774248357862234,-0.7566713782362119,back_downstream
0.001500000013038516,0.016491753980517387,-432.7070617675781,0.002098789671435952,0.0,0.002098789671435952,-0.7566717517973098,back_downstream
0.001500000013038516,0.01799100451171398,-432.70733642578125,0.002220006426796317,0.0,0.002220006426796317,-0.7566722320901501,back_downstream
0.001500000013038516,0.019490255042910576,-432.7076110839844,0.002341036219149828,0.0,0.002341036219149828,-0.7566727123829904,back_downstream
0.001500000013038516,0.02098950557410717,-432.7079162597656,0.0024618739262223244,0.0,0.0024618739262223244,-0.7566732460417018,back_downstream
0.001500000013038516,0.022488756105303764,-432.7082214355469,0.002582583809271455,0.0,0.002582583809271455,-0.7566737797004133,back_downstream
0.001500000013038516,0.02398800663650036,-432.70855712890625,0.002703209640458226,0.0,0.002703209640458226,-0.7566743667249958,back_downstream
0.001500000013038516,0.025487257167696953,-432.70892333984375,0.00282383244484663,0.0,0.00282383244484663,-0.7566750071154495,back_downstream
0.001500000013038516,0.026986505836248398,-432.7093200683594,0.0029444692190736532,0.0,0.0029444692190736532,-0.7566757008717744,back_downstream
0.001500000013038516,0.028485756367444992,-432.709716796875,0.003065078752115369,0.0,0.003065078752115369,-0.7566763946280992,back_downstream
0.001500000013038516,0.029985006898641586,-432.7101135253906,0.0031856559216976166,0.0,0.0031856559216976166,-0.756677088384424,back_downstream
0.001500000013038516,0.03148425742983818,-432.7105712890625,0.0033062018919736147,0.0,0.0033062018919736147,-0.7566778888724912,back_downstream
0.001500000013038516,0.032983507961034775,-432.7110290527344,0.003426673123613,0.0,0.003426673123613,-0.7566786893605583,back_downstream
0.001500000013038516,0.03448275849223137,-432.71148681640625,0.003547049593180418,0.0,0.003547049593180418,-0.7566794898486254,back_downstream
0.001500000013038516,0.03598200902342796,-432.7120056152344,0.003667376469820738,0.0,0.003667376469820738,-0.7566803970684348,back_downstream
0.001500000013038516,0.03748125955462456,-432.7125244140625,0.0037876619026064873,0.0,0.0037876619026064873,-0.7566813042882442,back_downstream
0.001500000013038516,0.03898051008582115,-432.7130432128906,0.003907992970198393,0.0,0.003907992970198393,-0.7566822115080537,back_downstream
0.001500000013038516,0.040479760617017746,-432.7135925292969,0.004028395749628544,0.0,0.004028395749628544,-0.7566831720937343,back_downstream
0.001500000013038516,0.04197901114821434,-432.71417236328125,0.004148801323026419,0.0,0.004148801323026419,-0.7566841860452859,back_downstream
0.001500000013038516,0.043478261679410934,-432.71478271484375,0.004269048571586609,0.0,0.004269048571586609,-0.7566852533627088,back_downstream
0.001500000013038516,0.04497751221060753,-432.71539306640625,0.004389041103422642,0.0,0.004389041103422642,-0.7566863206801316,back_downstream
0.001500000013038516,0.04647676274180412,-432.7160339355469,0.004509034566581249,0.0,0.004509034566581249,-0.7566874413634256,back_downstream
0.001500000013038516,0.04797601327300072,-432.7167053222656,0.004629174247384071,0.0,0.004629174247384071,-0.7566886154125907,back_downstream
0.001500000013038516,0.04947526380419731,-432.7173767089844,0.004749361425638199,0.0,0.004749361425638199,-0.7566897894617558,back_downstream
0.001500000013038516,0.050974514335393906,-432.71807861328125,0.004869556054472923,0.0,0.004869556054472923,-0.7566910168767921,back_downstream
0.001500000013038516,0.0524737648665905,-432.7187805175781,0.004989743232727051,0.0,0.004989743232727051,-0.7566922442918284,back_downstream
0.001500000013038516,0.053973011672496796,-432.7195129394531,0.005109855905175209,0.0,0.005109855905175209,-0.7566935250727357,back_downstream
0.001500000013038516,0.05547226220369339,-432.72027587890625,0.005229847971349955,0.0,0.005229847971349955,-0.7566948592195143,back_downstream
0.001500000013038516,0.056971512734889984,-432.7210388183594,0.005349765997380018,0.0,0.005349765997380018,-0.7566961933662928,back_downstream
0.001500000013038516,0.05847076326608658,-432.7218322753906,0.005469657480716705,0.0,0.005469657480716705,-0.7566975808789426,back_downstream
0.001500000013038516,0.05997001379728317,-432.72265625,0.005589544773101807,0.0,0.005589544773101807,-0.7566990217574634,back_downstream
0.001500000013038516,0.06146926432847977,-432.7234802246094,0.005709426011890173,0.0,0.005709426011890173,-0.7567004626359842,back_downstream
0.001500000013038516,0.06296851485967636,-432.7243347167969,0.005829278379678726,0.0,0.005829278379678726,-0.7567019568803761,back_downstream
0.001500000013038516,0.06446776539087296,-432.7252197265625,0.005949117708951235,0.0,0.005949117708951235,-0.7567035044906393,back_downstream
0.001500000013038516,0.06596701592206955,-432.7261047363281,0.006068914197385311,0.0,0.006068914197385311,-0.7567050521009023,back_downstream
0.001500000013038516,0.06746626645326614,-432.7270202636719,0.006188621278852224,0.0,0.006188621278852224,-0.7567066530770367,back_downstream
0.001500000013038516,0.06896551698446274,-432.7279357910156,0.006308272946625948,0.0,0.006308272946625948,-0.7567082540531709,back_downstream
0.001500000013038516,0.07046476751565933,-432.7288818359375,0.006427912041544914,0.0,0.006427912041544914,-0.7567099083951763,back_downstream
0.001500000013038516,0.07196401804685593,-432.7298583984375,0.006547562312334776,0.0,0.006547562312334776,-0.7567116161030528,back_downstream
0.001500000013038516,0.07346326857805252,-432.7308654785156,0.006667196284979582,0.0,0.006667196284979582,-0.7567133771768005,back_downstream
0.001500000013038516,0.07496251910924911,-432.73187255859375,0.006786742713302374,0.0,0.006786742713302374,-0.7567151382505481,back_downstream
0.001500000013038516,0.07646176964044571,-432.73291015625,0.006906220689415932,0.0,0.006906220689415932,-0.756716952690167,back_downstream
0.001500000013038516,0.0779610201716423,-432.73394775390625,0.007025648839771748,0.0,0.007025648839771748,-0.7567187671297858,back_downstream
0.001500000013038516,0.0794602707028389,-432.7350158691406,0.007145038340240717,0.0,0.007145038340240717,-0.7567206349352757,back_downstream
0.001500000013038516,0.08095952123403549,-432.736083984375,0.007264414336532354,0.0,0.007264414336532354,-0.7567225027407658,back_downstream
0.001500000013038516,0.08245877176523209,-432.7372131347656,0.0073837838135659695,0.0,0.0073837838135659695,-0.756724477277998,back_downstream
0.001500000013038516,0.08395802229642868,-432.73834228515625,0.0075031425803899765,0.0,0.0075031425803899765,-0.7567264518152302,back_downstream
0.001500000013038516,0.08545727282762527,-432.7394714355469,0.007622486911714077,0.0,0.007622486911714077,-0.7567284263524625,back_downstream
0.001500000013038516,0.08695652335882187,-432.7406311035156,0.007741814013570547,0.0,0.007741814013570547,-0.7567304542555658,back_downstream
0.001500000013038516,0.08845577389001846,-432.7418212890625,0.007861125282943249,0.0,0.007861125282943249,-0.7567325355245405,back_downstream
0.001500000013038516,0.08995502442121506,-432.7430419921875,0.007980442605912685,0.0,0.007980442605912685,-0.7567346701593861,back_downstream
0.001500000013038516,0.09145427495241165,-432.7442626953125,0.00809976551681757,0.0,0.00809976551681757,-0.7567368047942318,back_downstream
0.001500000013038516,0.09295352548360825,-432.7454833984375,0.008219091221690178,0.0,0.008219091221690178,-0.7567389394290774,back_downstream
0.001500000013038516,0.09445277601480484,-432.74676513671875,0.008338415063917637,0.0,0.008338415063917637,-0.7567411807956654,back_downstream
0.001500000013038516,0.09595202654600143,-432.748046875,0.008457737043499947,0.0,0.008457737043499947,-0.7567434221622533,back_downstream
0.001500000013038516,0.09745127707719803,-432.74932861328125,0.008577045984566212,0.0,0.008577045984566212,-0.7567456635288413,back_downstream
0.001500000013038516,0.09895052760839462,-432.75067138671875,0.008696313016116619,0.0,0.008696313016116619,-0.7567480116271715,back_downstream
0.001500000013038516,0.10044977813959122,-432.75201416015625,0.008815541863441467,0.0,0.008815541863441467,-0.7567503597255018,back_downstream
0.001500000013038516,0.10194902867078781,-432.75335693359375,0.008934764191508293,0.0,0.008934764191508293,-0.7567527078238321,back_downstream
0.001500000013038516,0.1034482792019844,-432.7547302246094,0.00905398279428482,0.0,0.00905398279428482,-0.7567551092880335,back_downstream
0.001500000013038516,0.104947529733181,-432.7561340332031,0.009173182770609856,0.0,0.009173182770609856,-0.7567575641181059,back_downstream
0.001500000013038516,0.1064467802643776,-432.757568359375,0.009292365983128548,0.0,0.009292365983128548,-0.7567600723140496,back_downstream
0.001500000013038516,0.10794602334499359,-432.7590026855469,0.009411568753421307,0.0,0.009411568753421307,-0.7567625805099932,back_downstream
0.001500000013038516,0.10944527387619019,-432.7604675292969,0.009530792944133282,0.0,0.009530792944133282,-0.7567651420718081,back_downstream
0.001500000013038516,0.11094452440738678,-432.7619323730469,0.009650005027651787,0.0,0.009650005027651787,-0.7567677036336229,back_downstream
0.001500000013038516,0.11244377493858337,-432.763427734375,0.009769202210009098,0.0,0.009769202210009098,-0.7567703185613088,back_downstream
0.001500000013038516,0.11394302546977997,-432.76495361328125,0.00988840777426958,0.0,0.00988840777426958,-0.7567729868548659,back_downstream
0.001500000013038516,0.11544227600097656,-432.7664794921875,0.010007640346884727,0.0,0.010007640346884727,-0.756775655148423,back_downstream
0.001500000013038516,0.11694152653217316,-432.7680358886719,0.010126880370080471,0.0,0.010126880370080471,-0.7567783768078513,back_downstream
0.001500000013038516,0.11844077706336975,-432.7696228027344,0.010246101766824722,0.0,0.010246101766824722,-0.7567811518331506,back_downstream
0.001500000013038516,0.11994002759456635,-432.7712097167969,0.010365301743149757,0.0,0.010365301743149757,-0.75678392685845,back_downstream
0.001500000013038516,0.12143927812576294,-432.7728271484375,0.010484487749636173,0.0,0.010484487749636173,-0.7567867552496206,back_downstream
0.001500000013038516,0.12293852865695953,-432.77447509765625,0.010603660717606544,0.0,0.010603660717606544,-0.7567896370066622,back_downstream
0.001500000013038516,0.12443777918815613,-432.776123046875,0.010722823441028595,0.0,0.010722823441028595,-0.7567925187637039,back_downstream
0.001500000013038516,0.12593702971935272,-432.7778015136719,0.01084196101874113,0.0,0.01084196101874113,-0.7567954538866166,back_downstream
0.001500000013038516,0.12743628025054932,-432.7795104980469,0.010961067862808704,0.0,0.010961067862808704,-0.7567984423754006,back_downstream
0.001500000013038516,0.1289355307817459,-432.7812194824219,0.01108015701174736,0.0,0.01108015701174736,-0.7568014308641845,back_downstream
0.001500000013038516,0.1304347813129425,-432.782958984375,0.011199254542589188,0.0,0.011199254542589188,-0.7568044727188397,back_downstream
0.001500000013038516,0.1319340318441391,-432.78472900390625,0.011318371631205082,0.0,0.011318371631205082,-0.7568075679393659,back_downstream
0.001500000013038516,0.1334332823753357,-432.7864990234375,0.011437465436756611,0.0,0.011437465436756611,-0.7568106631598921,back_downstream
0.001500000013038516,0.1349325329065323,-432.7882995605469,0.011556526646018028,0.0,0.011556526646018028,-0.7568138117462895,back_downstream
0.001500000013038516,0.13643178343772888,-432.7901306152344,0.011675568297505379,0.0,0.011675568297505379,-0.7568170136985579,back_downstream
0.001500000013038516,0.13793103396892548,-432.7919616699219,0.011794617399573326,0.0,0.011794617399573326,-0.7568202156508265,back_downstream
0.001500000013038516,0.13943028450012207,-432.7938232421875,0.01191367395222187,0.0,0.01191367395222187,-0.7568234709689662,back_downstream
0.001500000013038516,0.14092953503131866,-432.7956848144531,0.012032704427838326,0.0,0.012032704427838326,-0.7568267262871058,back_downstream
0.001500000013038516,0.14242878556251526,-432.797607421875,0.012151703238487244,0.0,0.012151703238487244,-0.7568300883369877,back_downstream
0.001500000013038516,0.14392803609371185,-432.79949951171875,0.012270694598555565,0.0,0.012270694598555565,-0.7568333970209985,back_downstream
0.001500000013038516,0.14542728662490845,-432.80145263671875,0.012389689683914185,0.0,0.012389689683914185,-0.7568368124367516,back_downstream
0.001500000013038516,0.14692653715610504,-432.80340576171875,0.012508666142821312,0.0,0.012508666142821312,-0.7568402278525047,back_downstream
0.001500000013038516,0.14842578768730164,-432.8053894042969,0.012627610005438328,0.0,0.012627610005438328,-0.7568436966341289,back_downstream
0.001500000013038516,0.14992503821849823,-432.807373046875,0.012746542692184448,0.0,0.012746542692184448,-0.7568471654157531,back_downstream
0.001500000013038516,0.15142428874969482,-432.8094177246094,0.012865472584962845,0.0,0.012865472584962845,-0.7568507409291196,back_downstream
0.001500000013038516,0.15292353928089142,-432.8114318847656,0.012984384782612324,0.0,0.012984384782612324,-0.756854263076615,back_downstream
0.001500000013038516,0.154422789812088,-432.8135070800781,0.013103281147778034,0.0,0.013103281147778034,-0.7568578919558526,back_downstream
0.001500000013038516,0.1559220403432846,-432.8155822753906,0.01322217658162117,0.0,0.01322217658162117,-0.7568615208350903,back_downstream
0.001500000013038516,0.1574212908744812,-432.81768798828125,0.013341075740754604,0.0,0.013341075740754604,-0.756865203080199,back_downstream
0.001500000013038516,0.1589205414056778,-432.8197937011719,0.013459953479468822,0.0,0.013459953479468822,-0.7568688853253078,back_downstream
0.001500000013038516,0.1604197919368744,-432.8219299316406,0.013578786514699459,0.0,0.013578786514699459,-0.7568726209362878,back_downstream
0.001500000013038516,0.16191904246807098,-432.8240966796875,0.013697594404220581,0.0,0.013697594404220581,-0.7568764099131389,back_downstream
0.001500000013038516,0.16341829299926758,-432.8262634277344,0.013816398568451405,0.0,0.013816398568451405,-0.7568801988899899,back_downstream
0.001500000013038516,0.16491754353046417,-432.8284912109375,0.013935208320617676,0.0,0.013935208320617676,-0.7568840945985833,back_downstream
0.001500000013038516,0.16641679406166077,-432.8306884765625,0.01405403483659029,0.0,0.01405403483659029,-0.7568879369413055,back_downstream
0.001500000013038516,0.16791604459285736,-432.83294677734375,0.014172866940498352,0.0,0.014172866940498352,-0.75689188601577,back_downstream
0.001500000013038516,0.16941529512405396,-432.835205078125,0.014291706494987011,0.0,0.014291706494987011,-0.7568958350902345,back_downstream
0.001500000013038516,0.17091454565525055,-432.83746337890625,0.014410550706088543,0.0,0.014410550706088543,-0.7568997841646989,back_downstream
0.001500000013038516,0.17241379618644714,-432.83978271484375,0.014529386535286903,0.0,0.014529386535286903,-0.7569038399709057,back_downstream
0.001500000013038516,0.17391304671764374,-432.84210205078125,0.014648208394646645,0.0,0.014648208394646645,-0.7569078957771125,back_downstream
0.001500000013038516,0.17541229724884033,-432.84442138671875,0.014767020009458065,0.0,0.014767020009458065,-0.7569119515833193,back_downstream
0.001500000013038516,0.17691154778003693,-432.8468017578125,0.014885840937495232,0.0,0.014885840937495232,-0.7569161141212684,back_downstream
0.001500000013038516,0.17841079831123352,-432.84918212890625,0.015004687011241913,0.0,0.015004687011241913,-0.7569202766592175,back_downstream
0.001500000013038516,0.17991004884243011,-432.8515625,0.015123548917472363,0.0,0.015123548917472363,-0.7569244391971665,back_downstream
0.001500000013038516,0.1814092993736267,-432.85400390625,0.015242399647831917,0.0,0.015242399647831917,-0.7569287084668579,back_downstream
0.001500000013038516,0.1829085499048233,-432.8564453125,0.01536122802644968,0.0,0.01536122802644968,-0.7569329777365492,back_downstream
0.001500000013038516,0.1844078004360199,-432.8589172363281,0.01548004150390625,0.0,0.01548004150390625,-0.7569373003721117,back_downstream
0.001500000013038516,0.1859070509672165,-432.86138916015625,0.015598871745169163,0.0,0.015598871745169163,-0.7569416230076742,back_downstream
0.001500000013038516,0.18740630149841309,-432.8638916015625,0.015717726200819016,0.0,0.015717726200819016,-0.7569459990091078,back_downstream
0.001500000013038516,0.18890555202960968,-432.8664245605469,0.015836581587791443,0.0,0.015836581587791443,-0.7569504283764126,back_downstream
0.001500000013038516,0.19040480256080627,-432.86895751953125,0.015955423936247826,0.0,0.015955423936247826,-0.7569548577437174,back_downstream
0.001500000013038516,0.19190405309200287,-432.87152099609375,0.016074277460575104,0.0,0.016074277460575104,-0.7569593404768933,back_downstream
0.001500000013038516,0.19340330362319946,-432.8741149902344,0.016193155199289322,0.0,0.016193155199289322,-0.7569638765759403,back_downstream
0.001500000013038516,0.19490255415439606,-432.876708984375,0.016312047839164734,0.0,0.016312047839164734,-0.7569684126749874,back_downstream
0.001500000013038516,0.19640180468559265,-432.87933349609375,0.016430949792265892,0.0,0.016430949792265892,-0.7569730021399056,back_downstream
0.001500000013038516,0.19790105521678925,-432.8819885253906,0.016549861058592796,0.0,0.016549861058592796,-0.756977644970695,back_downstream
0.001500000013038516,0.19940030574798584,-432.8846435546875,0.016668792814016342,0.0,0.016668792814016342,-0.7569822878014842,back_downstream
0.001500000013038516,0.20089955627918243,-432.8873291015625,0.01678771711885929,0.0,0.01678771711885929,-0.7569869839981448,back_downstream
0.001500000013038516,0.20239880681037903,-432.8900451660156,0.01690663769841194,0.0,0.01690663769841194,-0.7569917335606764,back_downstream
0.001500000013038516,0.20389805734157562,-432.8927917480469,0.017025558277964592,0.0,0.017025558277964592,-0.7569965364890792,back_downstream
0.001500000013038516,0.20539730787277222,-432.8955383300781,0.01714448258280754,0.0,0.01714448258280754,-0.7570013394174819,back_downstream
0.001500000013038516,0.2068965584039688,-432.8982849121094,0.017263425514101982,0.0,0.017263425514101982,-0.7570061423458847,back_downstream
0.001500000013038516,0.2083958089351654,-432.9010925292969,0.017382370308041573,0.0,0.017382370308041573,-0.7570110520060297,back_downstream
0.001500000013038516,0.209895059466362,-432.9039001464844,0.01750132441520691,0.0,0.01750132441520691,-0.7570159616661748,back_downstream
0.001500000013038516,0.2113943099975586,-432.90673828125,0.017620297148823738,0.0,0.017620297148823738,-0.757020924692191,back_downstream
0.001500000013038516,0.2128935605287552,-432.90960693359375,0.017739305272698402,0.0,0.017739305272698402,-0.7570259410840783,back_downstream
0.001500000013038516,0.2143927961587906,-432.9124755859375,0.017858343198895454,0.0,0.017858343198895454,-0.7570309574759656,back_downstream
0.001500000013038516,0.21589204668998718,-432.9153747558594,0.017977379262447357,0.0,0.017977379262447357,-0.7570360272337241,back_downstream
0.001500000013038516,0.21739129722118378,-432.91827392578125,0.01809641346335411,0.0,0.01809641346335411,-0.7570410969914826,back_downstream
0.001500000013038516,0.21889054775238037,-432.92120361328125,0.018215475603938103,0.0,0.018215475603938103,-0.7570462201151122,back_downstream
0.001500000013038516,0.22038979828357697,-432.9241638183594,0.018334589898586273,0.0,0.018334589898586273,-0.757051396604613,back_downstream
0.001500000013038516,0.22188904881477356,-432.9271545410156,0.01845371350646019,0.0,0.01845371350646019,-0.7570566264599848,back_downstream
0.001500000013038516,0.22338829934597015,-432.9301452636719,0.018572814762592316,0.0,0.018572814762592316,-0.7570618563153567,back_downstream
0.001500000013038516,0.22488754987716675,-432.93316650390625,0.01869189366698265,0.0,0.01869189366698265,-0.7570671395365998,back_downstream
0.001500000013038516,0.22638680040836334,-432.93621826171875,0.018810976296663284,0.0,0.018810976296663284,-0.757072476123714,back_downstream
0.001500000013038516,0.22788605093955994,-432.93927001953125,0.01893007755279541,0.0,0.01893007755279541,-0.7570778127108282,back_downstream
0.001500000013038516,0.22938530147075653,-432.9423828125,0.019049178808927536,0.0,0.019049178808927536,-0.7570832560296846,back_downstream
0.001500000013038516,0.23088455200195312,-432.9454650878906,0.019168268889188766,0.0,0.019168268889188766,-0.75708864598267,back_downstream
0.001500000013038516,0.23238380253314972,-432.9486083984375,0.0192873477935791,0.0,0.0192873477935791,-0.7570941426673976,back_downstream
0.001500000013038516,0.2338830530643463,-432.9517517089844,0.019406398758292198,0.0,0.019406398758292198,-0.7570996393521252,back_downstream
0.001500000013038516,0.2353823035955429,-432.9549255371094,0.019525405019521713,0.0,0.019525405019521713,-0.757105189402724,back_downstream
0.001500000013038516,0.2368815541267395,-432.9580993652344,0.01964438334107399,0.0,0.01964438334107399,-0.7571107394533226,back_downstream
0.001500000013038516,0.2383808046579361,-432.9613342285156,0.019763370975852013,0.0,0.019763370975852013,-0.7571163962356637,back_downstream
0.001500000013038516,0.2398800551891327,-432.96453857421875,0.01988239400088787,0.0,0.01988239400088787,-0.7571219996521336,back_downstream
0.001500000013038516,0.24137930572032928,-432.9678039550781,0.020001431927084923,0.0,0.020001431927084923,-0.7571277098003458,back_downstream
0.001500000013038516,0.24287855625152588,-432.9710693359375,0.020120449364185333,0.0,0.020120449364185333,-0.757133419948558,back_downstream
0.001500000013038516,0.24437780678272247,-432.974365234375,0.0202394500374794,0.0,0.0202394500374794,-0.7571391834626413,back_downstream
0.001500000013038516,0.24587705731391907,-432.9776916503906,0.02035844512283802,0.0,0.02035844512283802,-0.7571450003425958,back_downstream
0.001500000013038516,0.24737630784511566,-432.98101806640625,0.020477458834648132,0.0,0.020477458834648132,-0.7571508172225502,back_downstream
0.001500000013038516,0.24887555837631226,-432.984375,0.020596511662006378,0.0,0.020596511662006378,-0.7571566874683758,back_downstream
0.001500000013038516,0.25037482380867004,-432.9877624511719,0.02071557193994522,0.0,0.02071557193994522,-0.7571626110800725,back_downstream
0.001500000013038516,0.25187405943870544,-432.99114990234375,0.02083461359143257,0.0,0.02083461359143257,-0.7571685346917693,back_downstream
0.001500000013038516,0.25337332487106323,-432.99456787109375,0.020953621715307236,0.0,0.020953621715307236,-0.7571745116693371,back_downstream
0.001500000013038516,0.25487256050109863,-432.9980163574219,0.0210726335644722,0.0,0.0210726335644722,-0.7571805420127762,back_downstream
0.001500000013038516,0.2563718259334564,-433.00146484375,0.021191690117120743,0.0,0.021191690117120743,-0.7571865723562152,back_downstream
0.001500000013038516,0.2578710615634918,-433.00494384765625,0.021310776472091675,0.0,0.021310776472091675,-0.7571926560655254,back_downstream
0.001500000013038516,0.2593703269958496,-433.0084533691406,0.0214298777282238,0.0,0.0214298777282238,-0.7571987931407067,back_downstream
0.001500000013038516,0.260869562625885,-433.011962890625,0.021548990160226822,0.0,0.021548990160226822,-0.7572049302158881,back_downstream
0.001500000013038516,0.2623688280582428,-433.0155029296875,0.021668117493391037,0.0,0.021668117493391037,-0.7572111206569405,back_downstream
0.001500000013038516,0.2638680636882782,-433.0190734863281,0.021787267178297043,0.0,0.021787267178297043,-0.7572173644638641,back_downstream
0.001500000013038516,0.265367329120636,-433.0226745605469,0.02190646342933178,0.0,0.02190646342933178,-0.7572236616366588,back_downstream
0.001500000013038516,0.2668665647506714,-433.0262756347656,0.02202572673559189,0.0,0.02202572673559189,-0.7572299588094535,back_downstream
0.001500000013038516,0.2683658301830292,-433.0299072265625,0.02214503474533558,0.0,0.02214503474533558,-0.7572363093481195,back_downstream
0.001500000013038516,0.2698650658130646,-433.0335388183594,0.022264376282691956,0.0,0.022264376282691956,-0.7572426598867853,back_downstream
0.001500000013038516,0.27136433124542236,-433.0372009277344,0.02238374575972557,0.0,0.02238374575972557,-0.7572490637913224,back_downstream
0.001500000013038516,0.27286356687545776,-433.0408935546875,0.022503141313791275,0.0,0.022503141313791275,-0.7572555210617306,back_downstream
0.001500000013038516,0.27436283230781555,-433.04461669921875,0.022622564807534218,0.0,0.022622564807534218,-0.7572620316980098,back_downstream
0.001500000013038516,0.27586206793785095,-433.04833984375,0.0227420162409544,0.0,0.0227420162409544,-0.7572685423342891,back_downstream
0.001500000013038516,0.27736133337020874,-433.0520935058594,0.022861503064632416,0.0,0.022861503064632416,-0.7572751063364396,back_downstream
0.001500000013038516,0.27886056900024414,-433.0558776855469,0.022981012240052223,0.0,0.022981012240052223,-0.7572817237044611,back_downstream
0.001500000013038516,0.28035983443260193,-433.0596923828125,0.023100532591342926,0.0,0.023100532591342926,-0.7572883944383538,back_downstream
0.001500000013038516,0.28185907006263733,-433.0635070800781,0.023220069706439972,0.0,0.023220069706439972,-0.7572950651722467,back_downstream
0.001500000013038516,0.2833583354949951,-433.0673522949219,0.023339658975601196,0.0,0.023339658975601196,-0.7573017892720105,back_downstream
0.001500000013038516,0.2848575711250305,-433.0711975097656,0.023459313437342644,0.0,0.023459313437342644,-0.7573085133717744,back_downstream
0.001500000013038516,0.2863568067550659,-433.0751037597656,0.02357899583876133,0.0,0.02357899583876133,-0.7573153442032805,back_downstream
0.001500000013038516,0.2878560721874237,-433.0790100097656,0.023698698729276657,0.0,0.023698698729276657,-0.7573221750347867,back_downstream
0.001500000013038516,0.2893553078174591,-433.0829162597656,0.023818444460630417,0.0,0.023818444460630417,-0.7573290058662928,back_downstream
0.001500000013038516,0.2908545732498169,-433.0868835449219,0.02393825724720955,0.0,0.02393825724720955,-0.7573359434295412,back_downstream
0.001500000013038516,0.2923538088798523,-433.0908508300781,0.024058114737272263,0.0,0.024058114737272263,-0.7573428809927897,back_downstream
0.001500000013038516,0.2938530743122101,-433.0948486328125,0.024177998304367065,0.0,0.024177998304367065,-0.7573498719219093,back_downstream
0.001500000013038516,0.2953523099422455,-433.098876953125,0.024297894909977913,0.0,0.024297894909977913,-0.7573569162169,back_downstream
0.001500000013038516,0.29685157537460327,-433.1029052734375,0.024417804554104805,0.0,0.024417804554104805,-0.7573639605118907,back_downstream
0.001500000013038516,0.29835081100463867,-433.1069641113281,0.024537716060876846,0.0,0.024537716060876846,-0.7573710581727526,back_downstream
0.001500000013038516,0.29985007643699646,-433.1110534667969,0.02465761825442314,0.0,0.02465761825442314,-0.7573782091994856,back_downstream
0.001500000013038516,0.30134931206703186,-433.1151428222656,0.024777529761195183,0.0,0.024777529761195183,-0.7573853602262186,back_downstream
0.001500000013038516,0.30284857749938965,-433.1192626953125,0.02489745058119297,0.0,0.02489745058119297,-0.7573925646188228,back_downstream
0.001500000013038516,0.30434781312942505,-433.1234130859375,0.025017380714416504,0.0,0.025017380714416504,-0.7573998223772981,back_downstream
0.001500000013038516,0.30584707856178284,-433.1275939941406,0.025137322023510933,0.0,0.025137322023510933,-0.7574071335016445,back_downstream
0.001500000013038516,0.30734631419181824,-433.13177490234375,0.0252572949975729,0.0,0.0252572949975729,-0.757414444625991,back_downstream
0.001500000013038516,0.308845579624176,-433.135986328125,0.02537730522453785,0.0,0.02537730522453785,-0.7574218091162085,back_downstream
0.001500000013038516,0.3103448152542114,-433.1402282714844,0.0254973191767931,0.0,0.0254973191767931,-0.7574292269722972,back_downstream
0.001500000013038516,0.3118440806865692,-433.14447021484375,0.02561730518937111,0.0,0.02561730518937111,-0.7574366448283859,back_downstream
0.001500000013038516,0.3133433163166046,-433.1487731933594,0.025737309828400612,0.0,0.025737309828400612,-0.757444169416217,back_downstream
0.001500000013038516,0.3148425817489624,-433.153076171875,0.025857364758849144,0.0,0.025857364758849144,-0.7574516940040479,back_downstream
0.001500000013038516,0.3163418173789978,-433.1573791503906,0.02597743459045887,0.0,0.02597743459045887,-0.7574592185918789,back_downstream
0.001500000013038516,0.3178410828113556,-433.1617126464844,0.026097506284713745,0.0,0.026097506284713745,-0.757466796545581,back_downstream
0.001500000013038516,0.319340318441391,-433.1661071777344,0.026217611506581306,0.0,0.026217611506581306,-0.7574744812310255,back_downstream
0.001500000013038516,0.3208395838737488,-433.17047119140625,0.026337791234254837,0.0,0.026337791234254837,-0.7574821125505988,back_downstream
0.001500000013038516,0.3223388195037842,-433.1748962402344,0.026458026841282845,0.0,0.026458026841282845,-0.7574898506019143,back_downstream
0.001500000013038516,0.32383808493614197,-433.1793212890625,0.026578309014439583,0.0,0.026578309014439583,-0.7574975886532299,back_downstream
0.001500000013038516,0.32533732056617737,-433.18377685546875,0.026698607951402664,0.0,0.026698607951402664,-0.7575053800704167,back_downstream
0.001500000013038516,0.32683658599853516,-433.1882629394531,0.026818908751010895,0.0,0.026818908751010895,-0.7575132248534745,back_downstream
0.001500000013038516,0.32833582162857056,-433.1927490234375,0.02693922258913517,0.0,0.02693922258913517,-0.7575210696365323,back_downstream
0.001500000013038516,0.32983508706092834,-433.197265625,0.027059581130743027,0.0,0.027059581130743027,-0.7575289677854613,back_downstream
0.001500000013038516,0.33133432269096375,-433.2018127441406,0.027180010452866554,0.0,0.027180010452866554,-0.7575369193002615,back_downstream
0.001500000013038516,0.33283358812332153,-433.20635986328125,0.02730049379169941,0.0,0.02730049379169941,-0.7575448708150616,back_downstream
0.001500000013038516,0.33433282375335693,-433.2109680175781,0.027421019971370697,0.0,0.027421019971370697,-0.757552929061604,back_downstream
0.001500000013038516,0.3358320891857147,-433.215576171875,0.027541592717170715,0.0,0.027541592717170715,-0.7575609873081465,back_downstream
0.001500000013038516,0.3373313248157501,-433.2201843261719,0.027662185952067375,0.0,0.027662185952067375,-0.7575690455546888,back_downstream
0.001500000013038516,0.3388305902481079,-433.224853515625,0.02778279408812523,0.0,0.02778279408812523,-0.7575772105329736,back_downstream
0.001500000013038516,0.3403298258781433,-433.2295227050781,0.02790343202650547,0.0,0.02790343202650547,-0.7575853755112583,back_downstream
0.001500000013038516,0.3418290913105011,-433.2342224121094,0.028024112805724144,0.0,0.028024112805724144,-0.7575935938554141,back_downstream
0.001500000013038516,0.3433283269405365,-433.23895263671875,0.02814483642578125,0.0,0.02814483642578125,-0.7576018655654411,back_downstream
0.001500000013038516,0.3448275923728943,-433.2436828613281,0.028265593573451042,0.0,0.028265593573451042,-0.7576101372754681,back_downstream
0.001500000013038516,0.3463268280029297,-433.2484436035156,0.028386393561959267,0.0,0.028386393561959267,-0.7576184623513662,back_downstream
0.001500000013038516,0.3478260934352875,-433.25323486328125,0.028507249429821968,0.0,0.028507249429821968,-0.7576268407931355,back_downstream
0.001500000013038516,0.3493253290653229,-433.2580261230469,0.028628166764974594,0.0,0.028628166764974594,-0.7576352192349047,back_downstream
0.001500000013038516,0.35082459449768066,-433.26287841796875,0.02874911017715931,0.0,0.02874911017715931,-0.7576437044084163,back_downstream
0.001500000013038516,0.35232383012771606,-433.2677307128906,0.028870053589344025,0.0,0.028870053589344025,-0.7576521895819278,back_downstream
0.001500000013038516,0.35382309556007385,-433.2726135253906,0.028991030529141426,0.0,0.028991030529141426,-0.7576607281213106,back_downstream
0.001500000013038516,0.35532233119010925,-433.2774963378906,0.02911209687590599,0.0,0.02911209687590599,-0.7576692666606932,back_downstream
0.001500000013038516,0.35682159662246704,-433.28240966796875,0.029233239591121674,0.0,0.029233239591121674,-0.757677858565947,back_downstream
0.001500000013038516,0.35832083225250244,-433.287353515625,0.029354456812143326,0.0,0.029354456812143326,-0.757686503837072,back_downstream
0.001500000013038516,0.35982009768486023,-433.2923278808594,0.029475728049874306,0.0,0.029475728049874306,-0.7576952024740682,back_downstream
0.001500000013038516,0.36131933331489563,-433.2973327636719,0.029597047716379166,0.0,0.029597047716379166,-0.7577039544769354,back_downstream
0.001500000013038516,0.3628185987472534,-433.3023376464844,0.02971840277314186,0.0,0.02971840277314186,-0.7577127064798027,back_downstream
0.001500000013038516,0.3643178343772888,-433.307373046875,0.02983979694545269,0.0,0.02983979694545269,-0.7577215118485411,back_downstream
0.001500000013038516,0.3658170998096466,-433.31243896484375,0.029961271211504936,0.0,0.029961271211504936,-0.7577303705831506,back_downstream
0.001500000013038516,0.367316335439682,-433.3175048828125,0.030082805082201958,0.0,0.030082805082201958,-0.7577392293177602,back_downstream
0.001500000013038516,0.3688156008720398,-433.3226013183594,0.03020440600812435,0.0,0.03020440600812435,-0.7577481414182409,back_downstream
0.001500000013038516,0.3703148365020752,-433.3277282714844,0.030326105654239655,0.0,0.030326105654239655,-0.7577571068845927,back_downstream
0.001500000013038516,0.371814101934433,-433.3328857421875,0.03044785186648369,0.0,0.03044785186648369,-0.7577661257168157,back_downstream
0.001500000013038516,0.3733133375644684,-433.33807373046875,0.030569666996598244,0.0,0.030569666996598244,-0.7577751979149098,back_downstream
0.001500000013038516,0.37481260299682617,-433.34326171875,0.030691592022776604,0.0,0.030691592022776604,-0.7577842701130039,back_downstream
0.001500000013038516,0.3763118386268616,-433.3484802246094,0.030813589692115784,0.0,0.030813589692115784,-0.7577933956769691,back_downstream
0.001500000013038516,0.37781110405921936,-433.3537292480469,0.03093561716377735,0.0,0.03093561716377735,-0.7578025746068056,back_downstream
0.001500000013038516,0.37931033968925476,-433.3589782714844,0.031057685613632202,0.0,0.031057685613632202,-0.757811753536642,back_downstream
0.001500000013038516,0.38080960512161255,-433.3642883300781,0.031179802492260933,0.0,0.031179802492260933,-0.7578210391982206,back_downstream
0.001500000013038516,0.38230884075164795,-433.3695983886719,0.03130197897553444,0.0,0.03130197897553444,-0.7578303248597993,back_downstream
0.001500000013038516,0.38380810618400574,-433.37493896484375,0.03142423927783966,0.0,0.03142423927783966,-0.7578396638872491,back_downstream
0.001500000013038516,0.38530734181404114,-433.3802795410156,0.03154654800891876,0.0,0.03154654800891876,-0.7578490029146989,back_downstream
0.001500000013038516,0.3868066072463989,-433.38568115234375,0.031668923795223236,0.0,0.031668923795223236,-0.7578584486738911,back_downstream
0.001500000013038516,0.3883058428764343,-433.3910827636719,0.031791385263204575,0.0,0.031791385263204575,-0.7578678944330832,back_downstream
0.001500000013038516,0.3898051083087921,-433.3965148925781,0.03191391006112099,0.0,0.03191391006112099,-0.7578773935581464,back_downstream
0.001500000013038516,0.3913043439388275,-433.4019775390625,0.03203648328781128,0.0,0.03203648328781128,-0.7578869460490808,back_downstream
0.001500000013038516,0.3928036093711853,-433.4074401855469,0.03215910866856575,0.0,0.03215910866856575,-0.7578964985400152,back_downstream
0.001500000013038516,0.3943028450012207,-433.4129638671875,0.0322817824780941,0.0,0.0322817824780941,-0.7579061577626919,back_downstream
0.001500000013038516,0.3958021104335785,-433.4184875488281,0.032404519617557526,0.0,0.032404519617557526,-0.7579158169853686,back_downstream
0.001500000013038516,0.3973013460636139,-433.4240417480469,0.03252735733985901,0.0,0.03252735733985901,-0.7579255295739163,back_downstream
0.001500000013038516,0.3988006114959717,-433.4295959472656,0.03265027329325676,0.0,0.03265027329325676,-0.7579352421624642,back_downstream
0.001500000013038516,0.4002998471260071,-433.4352111816406,0.03277324140071869,0.0,0.03277324140071869,-0.7579450614827543,back_downstream
0.001500000013038516,0.40179911255836487,-433.4408264160156,0.03289623558521271,0.0,0.03289623558521271,-0.7579548808030444,back_downstream
0.001500000013038516,0.40329834818840027,-433.44647216796875,0.033019281923770905,0.0,0.033019281923770905,-0.7579647534892057,back_downstream
0.001500000013038516,0.40479761362075806,-433.4521484375,0.033142391592264175,0.0,0.033142391592264175,-0.757974679541238,back_downstream
0.001500000013038516,0.40629684925079346,-433.45782470703125,0.03326556086540222,0.0,0.03326556086540222,-0.7579846055932704,back_downstream
0.001500000013038516,0.40779611468315125,-433.46356201171875,0.03338879719376564,0.0,0.03338879719376564,-0.7579946383770451,back_downstream
0.001500000013038516,0.40929535031318665,-433.46929931640625,0.03351210057735443,0.0,0.03351210057735443,-0.7580046711608197,back_downstream
0.001500000013038516,0.41079461574554443,-433.4750671386719,0.03363547846674919,0.0,0.03363547846674919,-0.7580147573104655,back_downstream
0.001500000013038516,0.41229385137557983,-433.4808349609375,0.033758945763111115,0.0,0.033758945763111115,-0.7580248434601113,back_downstream
0.001500000013038516,0.4137931168079376,-433.4866638183594,0.0338825024664402,0.0,0.0338825024664402,-0.7580350363414995,back_downstream
0.001500000013038516,0.415292352437973,-433.49249267578125,0.03400614112615585,0.0,0.03400614112615585,-0.7580452292228875,back_downstream
0.001500000013038516,0.4167916178703308,-433.49835205078125,0.03412987291812897,0.0,0.03412987291812897,-0.7580554754701467,back_downstream
0.001500000013038516,0.4182908535003662,-433.5042419433594,0.03425368294119835,0.0,0.03425368294119835,-0.7580657750832771,back_downstream
0.001500000013038516,0.419790118932724,-433.5101623535156,0.03437758982181549,0.0,0.03437758982181549,-0.7580761280622786,back_downstream
0.001500000013038516,0.4212893545627594,-433.5160827636719,0.034501589834690094,0.0,0.034501589834690094,-0.7580864810412802,back_downstream
0.001500000013038516,0.4227886199951172,-433.5220642089844,0.034625694155693054,0.0,0.034625694155693054,-0.7580969407520239,back_downstream
0.001500000013038516,0.4242878556251526,-433.5280456542969,0.03474993258714676,0.0,0.03474993258714676,-0.7581074004627678,back_downstream
0.001500000013038516,0.4257871210575104,-433.5340576171875,0.034874264150857925,0.0,0.034874264150857925,-0.7581179135393827,back_downstream
0.001500000013038516,0.4272863566875458,-433.5400695800781,0.03499869629740715,0.0,0.03499869629740715,-0.7581284266159977,back_downstream
0.001500000013038516,0.4287855923175812,-433.546142578125,0.03512323647737503,0.0,0.03512323647737503,-0.7581390464243549,back_downstream
0.001500000013038516,0.43028485774993896,-433.5522155761719,0.035247888416051865,0.0,0.035247888416051865,-0.7581496662327121,back_downstream
0.001500000013038516,0.43178409337997437,-433.5583190917969,0.03537266328930855,0.0,0.03537266328930855,-0.7581603394069405,back_downstream
0.001500000013038516,0.43328335881233215,-433.564453125,0.035497549921274185,0.0,0.035497549921274185,-0.75817106594704,back_downstream
0.001500000013038516,0.43478259444236755,-433.57061767578125,0.03562256693840027,0.0,0.03562256693840027,-0.7581818458530106,back_downstream
0.001500000013038516,0.43628185987472534,-433.5768127441406,0.035747673362493515,0.0,0.035747673362493515,-0.7581926791248524,back_downstream
0.001500000013038516,0.43778109550476074,-433.5830078125,0.035872891545295715,0.0,0.035872891545295715,-0.7582035123966943,back_downstream
0.001500000013038516,0.43928036093711853,-433.5892639160156,0.035998281091451645,0.0,0.035998281091451645,-0.7582144524002783,back_downstream
0.001500000013038516,0.44077959656715393,-433.59552001953125,0.03612382337450981,0.0,0.03612382337450981,-0.7582253924038624,back_downstream
0.001500000013038516,0.4422788619995117,-433.601806640625,0.036249492317438126,0.0,0.036249492317438126,-0.7582363857733176,back_downstream
0.001500000013038516,0.4437780976295471,-433.6081237792969,0.036375269293785095,0.0,0.036375269293785095,-0.758247432508644,back_downstream
0.001500000013038516,0.4452773630619049,-433.61444091796875,0.03650113195180893,0.0,0.03650113195180893,-0.7582584792439704,back_downstream
0.001500000013038516,0.4467765986919403,-433.6208190917969,0.03662711754441261,0.0,0.03662711754441261,-0.758269632711039,back_downstream
0.001500000013038516,0.4482758641242981,-433.627197265625,0.03675325587391853,0.0,0.03675325587391853,-0.7582807861781077,back_downstream
0.001500000013038516,0.4497750997543335,-433.6336364746094,0.03687949851155281,0.0,0.03687949851155281,-0.7582920463769186,back_downstream
0.001500000013038516,0.4512743651866913,-433.64007568359375,0.03700583800673485,0.0,0.03700583800673485,-0.7583033065757295,back_downstream
0.001500000013038516,0.4527736008167267,-433.64654541015625,0.037132296711206436,0.0,0.037132296711206436,-0.7583146201404116,back_downstream
0.001500000013038516,0.4542728662490845,-433.6530456542969,0.03725885599851608,0.0,0.03725885599851608,-0.7583259870709648,back_downstream
0.001500000013038516,0.4557721018791199,-433.6595458984375,0.03738553822040558,0.0,0.03738553822040558,-0.758337354001518,back_downstream
0.001500000013038516,0.45727136731147766,-433.6661071777344,0.037512365728616714,0.0,0.037512365728616714,-0.7583488276638135,back_downstream
0.001500000013038516,0.45877060294151306,-433.67266845703125,0.0376393161714077,0.0,0.0376393161714077,-0.758360301326109,back_downstream
0.001500000013038516,0.46026986837387085,-433.6792907714844,0.03776631876826286,0.0,0.03776631876826286,-0.7583718817201468,back_downstream
0.001500000013038516,0.46176910400390625,-433.6859130859375,0.037893395870923996,0.0,0.037893395870923996,-0.7583834621141845,back_downstream
0.001500000013038516,0.46326836943626404,-433.69256591796875,0.038020554929971695,0.0,0.038020554929971695,-0.7583950958740935,back_downstream
0.001500000013038516,0.46476760506629944,-433.6992492675781,0.03814779967069626,0.0,0.03814779967069626,-0.7584067829998735,back_downstream
0.001500000013038516,0.4662668704986572,-433.7059631347656,0.03827517852187157,0.0,0.03827517852187157,-0.7584185234915247,back_downstream
0.001500000013038516,0.4677661061286926,-433.71270751953125,0.03840264305472374,0.0,0.03840264305472374,-0.7584303173490471,back_downstream
0.001500000013038516,0.4692653715610504,-433.719482421875,0.038530200719833374,0.0,0.038530200719833374,-0.7584421645724406,back_downstream
0.001500000013038516,0.4707646071910858,-433.72625732421875,0.038657866418361664,0.0,0.038657866418361664,-0.758454011795834,back_downstream
0.001500000013038516,0.4722638726234436,-433.73309326171875,0.038785628974437714,0.0,0.038785628974437714,-0.7584659657509698,back_downstream
0.001500000013038516,0.473763108253479,-433.73992919921875,0.03891349583864212,0.0,0.03891349583864212,-0.7584779197061056,back_downstream
0.001500000013038516,0.4752623736858368,-433.7467956542969,0.03904147073626518,0.0,0.03904147073626518,-0.7584899270271125,back_downstream
0.001500000013038516,0.4767616093158722,-433.7536926269531,0.039169564843177795,0.0,0.039169564843177795,-0.7585019877139906,back_downstream
0.001500000013038516,0.47826087474823,-433.7606201171875,0.039297815412282944,0.0,0.039297815412282944,-0.7585141017667398,back_downstream
0.001500000013038516,0.4797601103782654,-433.767578125,0.03942621126770973,0.0,0.03942621126770973,-0.7585262691853601,back_downstream
0.001500000013038516,0.48125937581062317,-433.7745666503906,0.03955473378300667,0.0,0.03955473378300667,-0.7585384899698516,back_downstream
0.001500000013038516,0.48275861144065857,-433.7815856933594,0.03968336060643196,0.0,0.03968336060643196,-0.7585507641202143,back_downstream
0.001500000013038516,0.48425787687301636,-433.7886047363281,0.039812128990888596,0.0,0.039812128990888596,-0.7585630382705768,back_downstream
0.001500000013038516,0.48575711250305176,-433.7956848144531,0.03994105011224747,0.0,0.03994105011224747,-0.7585754191526818,back_downstream
0.001500000013038516,0.48725637793540955,-433.8027648925781,0.040070150047540665,0.0,0.040070150047540665,-0.7585878000347867,back_downstream
0.001500000013038516,0.48875561356544495,-433.80987548828125,0.04019941762089729,0.0,0.04019941762089729,-0.7586002342827627,back_downstream
0.001500000013038516,0.49025487899780273,-433.8170471191406,0.04032884165644646,0.0,0.04032884165644646,-0.758612775262481,back_downstream
0.001500000013038516,0.49175411462783813,-433.82421875,0.04045843705534935,0.0,0.04045843705534935,-0.7586253162421994,back_downstream
0.001500000013038516,0.4932533800601959,-433.8314208984375,0.04058820381760597,0.0,0.04058820381760597,-0.7586379105877888,back_downstream
0.001500000013038516,0.4947526156902313,-433.8386535644531,0.04071815684437752,0.0,0.04071815684437752,-0.7586505582992494,back_downstream
0.001500000013038516,0.4962518811225891,-433.8459167480469,0.04084829241037369,0.0,0.04084829241037369,-0.7586632593765812,back_downstream
0.001500000013038516,0.4977511167526245,-433.85321044921875,0.040978606790304184,0.0,0.040978606790304184,-0.7586760138197841,back_downstream
0.001500000013038516,0.4992503821849823,-433.86053466796875,0.0411091111600399,0.0,0.0411091111600399,-0.7586888216288582,back_downstream
0.001500000013038516,0.5007496476173401,-433.8678894042969,0.04123978689312935,0.0,0.04123978689312935,-0.7587016828038033,back_downstream
0.001500000013038516,0.5022488832473755,-433.8752746582031,0.04137061536312103,0.0,0.04137061536312103,-0.7587145973446197,back_downstream
0.001500000013038516,0.5037481188774109,-433.8826599121094,0.041501615196466446,0.0,0.041501615196466446,-0.758727511885436,back_downstream
0.001500000013038516,0.5052473545074463,-433.8901062011719,0.04163278266787529,0.0,0.04163278266787529,-0.7587405331579946,back_downstream
0.001500000013038516,0.5067466497421265,-433.8975830078125,0.04176412522792816,0.0,0.04176412522792816,-0.7587536077964244,back_downstream
0.001500000013038516,0.5082458853721619,-433.9050598144531,0.041895635426044464,0.0,0.041895635426044464,-0.7587666824348541,back_downstream
0.001500000013038516,0.5097451210021973,-433.91259765625,0.0420273095369339,0.0,0.0420273095369339,-0.7587798638050262,back_downstream
0.001500000013038516,0.5112443566322327,-433.920166015625,0.042159151285886765,0.0,0.042159151285886765,-0.7587930985410694,back_downstream
0.001500000013038516,0.5127436518669128,-433.927734375,0.04229115694761276,0.0,0.04229115694761276,-0.7588063332771126,back_downstream
0.001500000013038516,0.5142428874969482,-433.93536376953125,0.042423322796821594,0.0,0.042423322796821594,-0.758819674744898,back_downstream
0.001500000013038516,0.5157421231269836,-433.9429931640625,0.04255565628409386,0.0,0.04255565628409386,-0.7588330162126834,back_downstream
0.001500000013038516,0.517241358757019,-433.95068359375,0.04268816113471985,0.0,0.04268816113471985,-0.7588464644122112,back_downstream
0.001500000013038516,0.5187406539916992,-433.9584045410156,0.04282084107398987,0.0,0.04282084107398987,-0.7588599659776101,back_downstream
0.001500000013038516,0.5202398896217346,-433.96612548828125,0.04295371100306511,0.0,0.04295371100306511,-0.758873467543009,back_downstream
0.001500000013038516,0.52173912525177,-433.9739074707031,0.04308672621846199,0.0,0.04308672621846199,-0.7588870758401501,back_downstream
0.001500000013038516,0.5232383608818054,-433.981689453125,0.04321987181901932,0.0,0.04321987181901932,-0.7589006841372913,back_downstream
0.001500000013038516,0.5247376561164856,-433.9895324707031,0.04335322603583336,0.0,0.04335322603583336,-0.7589143991661748,back_downstream
0.001500000013038516,0.526236891746521,-433.9974060058594,0.04348677769303322,0.0,0.04348677769303322,-0.7589281675609294,back_downstream
0.001500000013038516,0.5277361273765564,-434.0052795410156,0.043620530515909195,0.0,0.043620530515909195,-0.7589419359556839,back_downstream
0.001500000013038516,0.5292353630065918,-434.0132141113281,0.043754540383815765,0.0,0.043754540383815765,-0.7589558110821808,back_downstream
0.001500000013038516,0.530734658241272,-434.02117919921875,0.04388875141739845,0.0,0.04388875141739845,-0.7589697395745488,back_downstream
0.001500000013038516,0.5322338938713074,-434.0291442871094,0.044023141264915466,0.0,0.044023141264915466,-0.7589836680669169,back_downstream
0.001500000013038516,0.5337331295013428,-434.03717041015625,0.04415777325630188,0.0,0.04415777325630188,-0.7589977032910272,back_downstream
0.001500000013038516,0.5352323651313782,-434.04522705078125,0.044292617589235306,0.0,0.044292617589235306,-0.7590117918810086,back_downstream
0.001500000013038516,0.5367316603660583,-434.0533142089844,0.044427670538425446,0.0,0.044427670538425446,-0.7590259338368612,back_downstream
0.001500000013038516,0.5382308959960938,-434.0614318847656,0.04456297680735588,0.0,0.04456297680735588,-0.759040129158585,back_downstream
0.001500000013038516,0.5397301316261292,-434.069580078125,0.04469851776957512,0.0,0.04469851776957512,-0.7590543778461798,back_downstream
0.001500000013038516,0.5412293672561646,-434.0777587890625,0.04483431577682495,0.0,0.04483431577682495,-0.7590686798996459,back_downstream
0.001500000013038516,0.5427286624908447,-434.0859680175781,0.044970348477363586,0.0,0.044970348477363586,-0.759083035318983,back_downstream
0.001500000013038516,0.5442278981208801,-434.0942077636719,0.04510662704706192,0.0,0.04510662704706192,-0.7590974441041913,back_downstream
0.001500000013038516,0.5457271337509155,-434.10247802734375,0.04524315893650055,0.0,0.04524315893650055,-0.7591119062552707,back_downstream
0.001500000013038516,0.5472263693809509,-434.1108093261719,0.04537992551922798,0.0,0.04537992551922798,-0.7591264751380925,back_downstream
0.001500000013038516,0.5487256646156311,-434.119140625,0.04551691189408302,0.0,0.04551691189408302,-0.7591410440209142,back_downstream
0.001500000013038516,0.5502249002456665,-434.1275329589844,0.04565415158867836,0.0,0.04565415158867836,-0.7591557196354782,back_downstream
0.001500000013038516,0.5517241358757019,-434.13592529296875,0.045791707932949066,0.0,0.045791707932949066,-0.7591703952500422,back_downstream
0.001500000013038516,0.5532233715057373,-434.1443786621094,0.045929521322250366,0.0,0.045929521322250366,-0.7591851775963485,back_downstream
0.001500000013038516,0.5547226667404175,-434.1528625488281,0.046067576855421066,0.0,0.046067576855421066,-0.7592000133085259,back_downstream
0.001500000013038516,0.5562219023704529,-434.161376953125,0.046205874532461166,0.0,0.046205874532461166,-0.7592149023865745,back_downstream
0.001500000013038516,0.5577211380004883,-434.169921875,0.046344440430402756,0.0,0.046344440430402756,-0.7592298448304942,back_downstream
0.001500000013038516,0.5592203736305237,-434.17852783203125,0.04648333042860031,0.0,0.04648333042860031,-0.7592448940061562,back_downstream
0.001500000013038516,0.5607196688652039,-434.1871337890625,0.04662252962589264,0.0,0.04662252962589264,-0.7592599431818182,back_downstream
0.001500000013038516,0.5622189044952393,-434.19580078125,0.04676203057169914,0.0,0.04676203057169914,-0.7592750990892225,back_downstream
0.001500000013038516,0.5637181401252747,-434.2044982910156,0.046901825815439224,0.0,0.046901825815439224,-0.7592903083624979,back_downstream
0.001500000013038516,0.5652173757553101,-434.2132263183594,0.0470418855547905,0.0,0.0470418855547905,-0.7593055710016445,back_downstream
0.001500000013038516,0.5667166709899902,-434.22198486328125,0.047182194888591766,0.0,0.047182194888591766,-0.7593208870066622,back_downstream
0.001500000013038516,0.5682159066200256,-434.23077392578125,0.04732276499271393,0.0,0.04732276499271393,-0.7593362563775511,back_downstream
0.001500000013038516,0.569715142250061,-434.2396240234375,0.04746362939476967,0.0,0.04746362939476967,-0.7593517324801822,back_downstream
0.001500000013038516,0.5712143778800964,-434.24847412109375,0.04760477691888809,0.0,0.04760477691888809,-0.7593672085828134,back_downstream
0.001500000013038516,0.5727136135101318,-434.25738525390625,0.047746218740940094,0.0,0.047746218740940094,-0.7593827914171868,back_downstream
0.001500000013038516,0.574212908744812,-434.2663269042969,0.04788798838853836,0.0,0.04788798838853836,-0.7593984276174313,back_downstream
0.001500000013038516,0.5757121443748474,-434.27532958984375,0.04803004115819931,0.0,0.04803004115819931,-0.7594141705494182,back_downstream
0.001500000013038516,0.5772113800048828,-434.2843322753906,0.04817235842347145,0.0,0.04817235842347145,-0.759429913481405,back_downstream
0.001500000013038516,0.5787106156349182,-434.29339599609375,0.048314958810806274,0.0,0.048314958810806274,-0.7594457631451341,back_downstream
0.001500000013038516,0.5802099108695984,-434.302490234375,0.048457857221364975,0.0,0.048457857221364975,-0.7594616661747344,back_downstream
0.001500000013038516,0.5817091464996338,-434.3116455078125,0.04860108718276024,0.0,0.04860108718276024,-0.759477675936077,back_downstream
0.001500000013038516,0.5832083821296692,-434.32080078125,0.048744652420282364,0.0,0.048744652420282364,-0.7594936856974195,back_downstream
0.001500000013038516,0.5847076177597046,-434.33001708984375,0.048888564109802246,0.0,0.048888564109802246,-0.7595098021905043,back_downstream
0.001500000013038516,0.5862069129943848,-434.3392639160156,0.04903284087777138,0.0,0.04903284087777138,-0.7595259720494603,back_downstream
0.001500000013038516,0.5877061486244202,-434.3485412597656,0.04917744919657707,0.0,0.04917744919657707,-0.7595421952742875,back_downstream
0.001500000013038516,0.5892053842544556,-434.3578796386719,0.04932240769267082,0.0,0.04932240769267082,-0.7595585252308569,back_downstream
0.001500000013038516,0.590704619884491,-434.36724853515625,0.04946774244308472,0.0,0.04946774244308472,-0.7595749085532973,back_downstream
0.001500000013038516,0.5922039151191711,-434.37664794921875,0.049613453447818756,0.0,0.049613453447818756,-0.7595913452416091,back_downstream
0.001500000013038516,0.5937031507492065,-434.3861083984375,0.049759555608034134,0.0,0.049759555608034134,-0.7596078886616631,back_downstream
0.001500000013038516,0.5952023863792419,-434.3955993652344,0.04990605264902115,0.0,0.04990605264902115,-0.7596244854475882,back_downstream
0.001500000013038516,0.5967016220092773,-434.4051208496094,0.0500529408454895,0.0,0.0500529408454895,-0.7596411355993844,back_downstream
0.001500000013038516,0.5982009172439575,-434.4146728515625,0.050200242549180984,0.0,0.050200242549180984,-0.7596578391170518,back_downstream
0.001500000013038516,0.5997001528739929,-434.4242858886719,0.0503479540348053,0.0,0.0503479540348053,-0.7596746493664615,back_downstream
0.001500000013038516,0.6011993885040283,-434.4339599609375,0.05049609765410423,0.0,0.05049609765410423,-0.7596915663476135,back_downstream
0.001500000013038516,0.6026986241340637,-434.4436340332031,0.05064470320940018,0.0,0.05064470320940018,-0.7597084833287654,back_downstream
0.001500000013038516,0.6041979193687439,-434.453369140625,0.05079372599720955,0.0,0.05079372599720955,-0.7597255070416596,back_downstream
0.001500000013038516,0.6056971549987793,-434.4631652832031,0.050943128764629364,0.0,0.050943128764629364,-0.7597426374862962,back_downstream
0.001500000013038516,0.6071963906288147,-434.4729919433594,0.05109294876456261,0.0,0.05109294876456261,-0.7597598212968039,back_downstream
0.001500000013038516,0.6086956262588501,-434.48284912109375,0.05124319717288017,0.0,0.05124319717288017,-0.7597770584731827,back_downstream
0.001500000013038516,0.6101949214935303,-434.4927673339844,0.05139388516545296,0.0,0.05139388516545296,-0.7597944023813038,back_downstream
0.001500000013038516,0.6116941571235657,-434.5027160644531,0.05154506117105484,0.0,0.05154506117105484,-0.759811799655296,back_downstream
0.001500000013038516,0.6131933927536011,-434.5127258300781,0.051696717739105225,0.0,0.051696717739105225,-0.7598293036610305,back_downstream
0.001500000013038516,0.6146926283836365,-434.52276611328125,0.051848843693733215,0.0,0.051848843693733215,-0.7598468610326362,back_downstream
0.001500000013038516,0.6161919236183167,-434.5328674316406,0.05200141295790672,0.0,0.05200141295790672,-0.7598645251359841,back_downstream
0.001500000013038516,0.617691159248352,-434.5429992675781,0.052154410630464554,0.0,0.052154410630464554,-0.7598822426052033,back_downstream
0.001500000013038516,0.6191903948783875,-434.5531921386719,0.0523078590631485,0.0,0.0523078590631485,-0.7599000668061646,back_downstream
0.001500000013038516,0.6206896305084229,-434.56341552734375,0.052461788058280945,0.0,0.052461788058280945,-0.7599179443729972,back_downstream
0.001500000013038516,0.622188925743103,-434.5736999511719,0.05261620879173279,0.0,0.05261620879173279,-0.759935928671572,back_downstream
0.001500000013038516,0.6236881613731384,-434.5840148925781,0.052771128714084625,0.0,0.052771128714084625,-0.7599539663360179,back_downstream
0.001500000013038516,0.6251873970031738,-434.5943908691406,0.052926551550626755,0.0,0.052926551550626755,-0.7599721107322062,back_downstream
0.001500000013038516,0.6266866326332092,-434.6048278808594,0.053082481026649475,0.0,0.053082481026649475,-0.7599903618601367,back_downstream
0.001500000013038516,0.6281859278678894,-434.61529541015625,0.05323890969157219,0.0,0.05323890969157219,-0.7600086663539383,back_downstream
0.001500000013038516,0.6296851634979248,-434.6258239746094,0.053395841270685196,0.0,0.053395841270685196,-0.7600270775794823,back_downstream
0.001500000013038516,0.6311843991279602,-434.6363830566406,0.05355329066514969,0.0,0.05355329066514969,-0.7600455421708973,back_downstream
0.001500000013038516,0.6326836347579956,-434.6470031738281,0.05371125787496567,0.0,0.05371125787496567,-0.7600641134940547,back_downstream
0.001500000013038516,0.6341829299926758,-434.65765380859375,0.05386975035071373,0.0,0.05386975035071373,-0.7600827381830831,back_downstream
0.001500000013038516,0.6356821656227112,-434.66839599609375,0.054028768092393875,0.0,0.054028768092393875,-0.7601015229697251,back_downstream
0.001500000013038516,0.6371814012527466,-434.6791687011719,0.054188307374715805,0.0,0.054188307374715805,-0.7601203611222381,back_downstream
0.001500000013038516,0.638680636882782,-434.6899719238281,0.05434837192296982,0.0,0.05434837192296982,-0.7601392526406224,back_downstream
0.001500000013038516,0.6401799321174622,-434.70086669921875,0.05450894683599472,0.0,0.05450894683599472,-0.76015830425662,back_downstream
0.001500000013038516,0.6416791677474976,-434.7117919921875,0.05467009171843529,0.0,0.05467009171843529,-0.7601774092384889,back_downstream
0.001500000013038516,0.643178403377533,-434.7227783203125,0.05483180284500122,0.0,0.05483180284500122,-0.7601966209520998,back_downstream
0.001500000013038516,0.6446776390075684,-434.7337951660156,0.05499410256743431,0.0,0.05499410256743431,-0.7602158860315821,back_downstream
0.001500000013038516,0.6461769342422485,-434.7449035644531,0.055157050490379333,0.0,0.055157050490379333,-0.7602353112086777,back_downstream
0.001500000013038516,0.6476761698722839,-434.75604248046875,0.05532059818506241,0.0,0.05532059818506241,-0.7602547897516445,back_downstream
0.001500000013038516,0.6491754055023193,-434.7672424316406,0.05548475310206413,0.0,0.05548475310206413,-0.7602743750263535,back_downstream
0.001500000013038516,0.6506746411323547,-434.77850341796875,0.0556495301425457,0.0,0.0556495301425457,-0.7602940670328049,back_downstream
0.001500000013038516,0.6521739363670349,-434.789794921875,0.0558149591088295,0.0,0.0558149591088295,-0.7603138124051274,back_downstream
0.001500000013038516,0.6536731719970703,-434.8011779785156,0.05598105862736702,0.0,0.05598105862736702,-0.7603337178750633,back_downstream
0.001500000013038516,0.6551724076271057,-434.8125915527344,0.05614781007170677,0.0,0.05614781007170677,-0.7603536767108703,back_downstream
0.001500000013038516,0.6566716432571411,-434.8240966796875,0.05631523206830025,0.0,0.05631523206830025,-0.7603737956442908,back_downstream
0.001500000013038516,0.6581709384918213,-434.83563232421875,0.056483373045921326,0.0,0.056483373045921326,-0.7603939679435824,back_downstream
0.001500000013038516,0.6596701741218567,-434.84722900390625,0.05665223300457001,0.0,0.05665223300457001,-0.7604142469746163,back_downstream
0.001500000013038516,0.6611694097518921,-434.85888671875,0.05682181566953659,0.0,0.05682181566953659,-0.7604346327373925,back_downstream
0.001500000013038516,0.6626686453819275,-434.87060546875,0.05699216574430466,0.0,0.05699216574430466,-0.7604551252319109,back_downstream
0.001500000013038516,0.6641679406166077,-434.88238525390625,0.057163260877132416,0.0,0.057163260877132416,-0.7604757244581717,back_downstream
0.001500000013038516,0.6656671762466431,-434.8942565917969,0.05733511596918106,0.0,0.05733511596918106,-0.7604964837820459,back_downstream
0.001500000013038516,0.6671664118766785,-434.9061584472656,0.05750776827335358,0.0,0.05750776827335358,-0.7605172964717912,back_downstream
0.001500000013038516,0.6686656475067139,-434.9181213378906,0.057681236416101456,0.0,0.057681236416101456,-0.7605382158932789,back_downstream
0.001500000013038516,0.670164942741394,-434.93017578125,0.0578555129468441,0.0,0.0578555129468441,-0.7605592954123799,back_downstream
0.001500000013038516,0.6716641783714294,-434.9422607421875,0.05803057923913002,0.0,0.05803057923913002,-0.7605804282973521,back_downstream
0.001500000013038516,0.6731634140014648,-434.9544372558594,0.05820648744702339,0.0,0.05820648744702339,-0.7606017212799376,back_downstream
0.001500000013038516,0.6746626496315002,-434.9666748046875,0.058383259922266006,0.0,0.058383259922266006,-0.7606231209942655,back_downstream
0.001500000013038516,0.6761619448661804,-434.9789733886719,0.05856093764305115,0.0,0.05856093764305115,-0.7606446274403357,back_downstream
0.001500000013038516,0.6776611804962158,-434.9913635253906,0.05873952805995941,0.0,0.05873952805995941,-0.7606662939840193,back_downstream
0.001500000013038516,0.6791604161262512,-435.0037841796875,0.0589190274477005,0.0,0.0589190274477005,-0.760688013893574,back_downstream
0.001500000013038516,0.6806596517562866,-435.01629638671875,0.0590994767844677,0.0,0.0590994767844677,-0.7607098939007422,back_downstream
0.001500000013038516,0.6821589469909668,-435.0289001464844,0.05928083509206772,0.0,0.05928083509206772,-0.7607319340055237,back_downstream
0.001500000013038516,0.6836581826210022,-435.04156494140625,0.059463128447532654,0.0,0.059463128447532654,-0.7607540808420475,back_downstream
0.001500000013038516,0.6851574182510376,-435.0542907714844,0.05964643508195877,0.0,0.05964643508195877,-0.7607763344103138,back_downstream
0.001500000013038516,0.686656653881073,-435.06707763671875,0.059830766171216965,0.0,0.059830766171216965,-0.7607986947103221,back_downstream
0.001500000013038516,0.6881559491157532,-435.0799560546875,0.06001611426472664,0.0,0.06001611426472664,-0.760821215107944,back_downstream
0.001500000013038516,0.6896551847457886,-435.0929260253906,0.0602024607360363,0.0,0.0602024607360363,-0.7608438956031793,back_downstream
0.001500000013038516,0.691154420375824,-435.10595703125,0.06038979813456535,0.0,0.06038979813456535,-0.7608666828301569,back_downstream
0.001500000013038516,0.6926536560058594,-435.11907958984375,0.060578152537345886,0.0,0.060578152537345886,-0.7608896301547479,back_downstream
0.001500000013038516,0.6941529512405396,-435.13226318359375,0.06076755002140999,0.0,0.06076755002140999,-0.7609126842110812,back_downstream
0.001500000013038516,0.695652186870575,-435.1455383300781,0.06095800921320915,0.0,0.06095800921320915,-0.7609358983650278,back_downstream
0.001500000013038516,0.6971514225006104,-435.15887451171875,0.06114954501390457,0.0,0.06114954501390457,-0.7609592192507169,back_downstream
0.001500000013038516,0.6986506581306458,-435.17230224609375,0.06134217977523804,0.0,0.06134217977523804,-0.7609827002340193,back_downstream
0.001500000013038516,0.7001499533653259,-435.1858215332031,0.06153593212366104,0.0,0.06153593212366104,-0.761006341314935,back_downstream
0.001500000013038516,0.7016491889953613,-435.1994323730469,0.061730846762657166,0.0,0.061730846762657166,-0.7610301424934643,back_downstream
0.001500000013038516,0.7031484246253967,-435.213134765625,0.061926934868097305,0.0,0.061926934868097305,-0.761054103769607,back_downstream
0.001500000013038516,0.7046476602554321,-435.2268981933594,0.06212414428591728,0.0,0.06212414428591728,-0.761078171777492,back_downstream
0.001500000013038516,0.7061469554901123,-435.2407531738281,0.06232249736785889,0.0,0.06232249736785889,-0.7611023998829904,back_downstream
0.001500000013038516,0.7076461911201477,-435.25469970703125,0.0625220388174057,0.0,0.0625220388174057,-0.7611267880861022,back_downstream
0.001500000013038516,0.7091454267501831,-435.2687683105469,0.06272278726100922,0.0,0.06272278726100922,-0.7611513897526986,back_downstream
0.001500000013038516,0.7106446623802185,-435.28289794921875,0.06292479485273361,0.0,0.06292479485273361,-0.7611760981510373,back_downstream
0.001500000013038516,0.7121439576148987,-435.297119140625,0.06312808394432068,0.0,0.06312808394432068,-0.7612009666469894,back_downstream
0.001500000013038516,0.7136431932449341,-435.3114318847656,0.06333265453577042,0.0,0.06333265453577042,-0.7612259952405549,back_downstream
0.001500000013038516,0.7151424288749695,-435.32586669921875,0.06353852152824402,0.0,0.06353852152824402,-0.761251237297605,back_downstream
0.001500000013038516,0.7166416645050049,-435.3403625488281,0.06374567747116089,0.0,0.06374567747116089,-0.7612765860863974,back_downstream
0.001500000013038516,0.7181409001350403,-435.35498046875,0.06395416706800461,0.0,0.06395416706800461,-0.7613021483386744,back_downstream
0.001500000013038516,0.7196401953697205,-435.36968994140625,0.06416401267051697,0.0,0.06416401267051697,-0.7613278706885647,back_downstream
0.001500000013038516,0.7211394309997559,-435.384521484375,0.06437528133392334,0.0,0.06437528133392334,-0.7613538065019396,back_downstream
0.001500000013038516,0.7226386666297913,-435.3994140625,0.06458798050880432,0.0,0.06458798050880432,-0.7613798490470569,back_downstream
0.001500000013038516,0.7241379022598267,-435.4144592285156,0.06480210274457932,0.0,0.06480210274457932,-0.7614061584215298,back_downstream
0.001500000013038516,0.7256371974945068,-435.4295654296875,0.0650177001953125,0.0,0.0650177001953125,-0.761432574527745,back_downstream
0.001500000013038516,0.7271364331245422,-435.4447937011719,0.06523480266332626,0.0,0.06523480266332626,-0.7614592040974448,back_downstream
0.001500000013038516,0.7286356687545776,-435.46014404296875,0.06545349955558777,0.0,0.06545349955558777,-0.7614860471306292,back_downstream
0.001500000013038516,0.730134904384613,-435.4756164550781,0.0656738132238388,0.0,0.0656738132238388,-0.7615131036272981,back_downstream
0.001500000013038516,0.7316341996192932,-435.4911804199219,0.06589578837156296,0.0,0.06589578837156296,-0.7615403202215804,back_downstream
0.001500000013038516,0.7331334352493286,-435.5068359375,0.0661194920539856,0.0,0.0661194920539856,-0.7615676969134761,back_downstream
0.001500000013038516,0.734632670879364,-435.52264404296875,0.06634492427110672,0.0,0.06634492427110672,-0.7615953404347277,back_downstream
0.001500000013038516,0.7361319065093994,-435.53857421875,0.06657210737466812,0.0,0.06657210737466812,-0.7616231974194637,back_downstream
0.001500000013038516,0.7376312017440796,-435.5545959472656,0.06680109351873398,0.0,0.06680109351873398,-0.7616512145018132,back_downstream
0.001500000013038516,0.739130437374115,-435.5707702636719,0.06703197211027145,0.0,0.06703197211027145,-0.7616794984135183,back_downstream
0.001500000013038516,0.7406296730041504,-435.5870666503906,0.06726479530334473,0.0,0.06726479530334473,-0.7617079957887081,back_downstream
0.001500000013038516,0.7421289086341858,-435.6034851074219,0.0674995481967926,0.0,0.0674995481967926,-0.7617367066273824,back_downstream
0.001500000013038516,0.743628203868866,-435.6200256347656,0.06773632019758224,0.0,0.06773632019758224,-0.7617656309295413,back_downstream
0.001500000013038516,0.7451274394989014,-435.6366882324219,0.06797517836093903,0.0,0.06797517836093903,-0.7617947686951847,back_downstream
0.001500000013038516,0.7466266751289368,-435.65350341796875,0.06821614503860474,0.0,0.06821614503860474,-0.7618241732901839,back_downstream
0.001500000013038516,0.7481259107589722,-435.67047119140625,0.06845926493406296,0.0,0.06845926493406296,-0.7618538447145388,back_downstream
0.001500000013038516,0.7496252059936523,-435.68756103515625,0.06870458275079727,0.0,0.06870458275079727,-0.7618837296023782,back_downstream
0.001500000013038516,0.7511244416236877,-435.7048034667969,0.06895215064287186,0.0,0.06895215064287186,-0.7619138813195733,back_downstream
0.001500000013038516,0.7526236772537231,-435.7221984863281,0.0692020133137703,0.0,0.0692020133137703,-0.7619442998661242,back_downstream
0.001500000013038516,0.7541229128837585,-435.7397155761719,0.06945424526929855,0.0,0.06945424526929855,-0.7619749318761596,back_downstream
0.001500000013038516,0.7556222081184387,-435.7574157714844,0.06970890611410141,0.0,0.06970890611410141,-0.7620058840814219,back_downstream
0.001500000013038516,0.7571214437484741,-435.7752685546875,0.06996604800224304,0.0,0.06996604800224304,-0.7620371031160398,back_downstream
0.001500000013038516,0.7586206793785095,-435.7932434082031,0.07022573053836823,0.0,0.07022573053836823,-0.7620685356141423,back_downstream
0.001500000013038516,0.7601199150085449,-435.8114318847656,0.07048799842596054,0.0,0.07048799842596054,-0.762100341673343,back_downstream
0.001500000013038516,0.7616192102432251,-435.8297424316406,0.07075287401676178,0.0,0.07075287401676178,-0.762132361196028,back_downstream
0.001500000013038516,0.7631184458732605,-435.8482360839844,0.07102039456367493,0.0,0.07102039456367493,-0.76216470091394,back_downstream
0.001500000013038516,0.7646176815032959,-435.8669128417969,0.07129064947366714,0.0,0.07129064947366714,-0.7621973608270788,back_downstream
0.001500000013038516,0.7661169171333313,-435.8857421875,0.0715637132525444,0.0,0.0715637132525444,-0.7622302875695733,back_downstream
0.001500000013038516,0.7676162123680115,-435.90478515625,0.07183966785669327,0.0,0.07183966785669327,-0.7622635878731658,back_downstream
0.001500000013038516,0.7691154479980469,-435.9239807128906,0.07211857289075851,0.0,0.07211857289075851,-0.7622971550061141,back_downstream
0.001500000013038516,0.7706146836280823,-435.9433898925781,0.07240048050880432,0.0,0.07240048050880432,-0.7623310957001602,back_downstream
0.001500000013038516,0.7721139192581177,-435.9629821777344,0.07268548756837845,0.0,0.07268548756837845,-0.7623653565894333,back_downstream
0.001500000013038516,0.7736132144927979,-435.9827575683594,0.07297366857528687,0.0,0.07297366857528687,-0.7623999376739332,back_downstream
0.001500000013038516,0.7751124501228333,-436.00274658203125,0.07326506823301315,0.0,0.07326506823301315,-0.7624348923195311,back_downstream
0.001500000013038516,0.7766116857528687,-436.0229187011719,0.0735597237944603,0.0,0.0735597237944603,-0.7624701671603559,back_downstream
0.001500000013038516,0.778110921382904,-436.0433349609375,0.07385766506195068,0.0,0.07385766506195068,-0.7625058689281498,back_downstream
0.001500000013038516,0.7796102166175842,-436.0639343261719,0.07415902614593506,0.0,0.07415902614593506,-0.7625418908911705,back_downstream
0.001500000013038516,0.7811094522476196,-436.0847473144531,0.07446391135454178,0.0,0.07446391135454178,-0.7625782864152892,back_downstream
0.001500000013038516,0.782608687877655,-436.1058044433594,0.07477234303951263,0.0,0.07477234303951263,-0.7626151088663772,back_downstream
0.001500000013038516,0.7841079235076904,-436.1270751953125,0.07508443295955658,0.0,0.07508443295955658,-0.7626523048785631,back_downstream
0.001500000013038516,0.7856072187423706,-436.1485900878906,0.07540028542280197,0.0,0.07540028542280197,-0.762689927817718,back_downstream
0.001500000013038516,0.787106454372406,-436.17034912109375,0.07572007179260254,0.0,0.07572007179260254,-0.7627279776838422,back_downstream
0.001500000013038516,0.7886056900024414,-436.19232177734375,0.07604388147592545,0.0,0.07604388147592545,-0.7627664011110643,back_downstream
0.001500000013038516,0.7901049256324768,-436.2145690917969,0.07637174427509308,0.0,0.07637174427509308,-0.7628053048311267,back_downstream
0.001500000013038516,0.791604220867157,-436.237060546875,0.07670380920171738,0.0,0.07670380920171738,-0.7628446354781583,back_downstream
0.001500000013038516,0.7931034564971924,-436.25982666015625,0.07704021036624908,0.0,0.07704021036624908,-0.7628844464180301,back_downstream
0.001500000013038516,0.7946026921272278,-436.2828674316406,0.07738106697797775,0.0,0.07738106697797775,-0.7629247376507421,back_downstream
0.001500000013038516,0.7961019277572632,-436.3061828613281,0.07772650569677353,0.0,0.07772650569677353,-0.7629655091762945,back_downstream
0.001500000013038516,0.7976012229919434,-436.32977294921875,0.07807664573192596,0.0,0.07807664573192596,-0.7630067609946871,back_downstream
0.001500000013038516,0.7991004586219788,-436.3536376953125,0.0784316211938858,0.0,0.0784316211938858,-0.76304849310592,back_downstream
0.001500000013038516,0.8005996942520142,-436.3778381347656,0.0787915587425232,0.0,0.0787915587425232,-0.7630908122417356,back_downstream
0.001500000013038516,0.8020989298820496,-436.4023132324219,0.07915660738945007,0.0,0.07915660738945007,-0.7631336116703913,back_downstream
0.001500000013038516,0.8035982251167297,-436.4271240234375,0.07952690124511719,0.0,0.07952690124511719,-0.7631769981236296,back_downstream
0.001500000013038516,0.8050974607467651,-436.4522399902344,0.07990257441997528,0.0,0.07990257441997528,-0.7632209182355794,back_downstream
0.001500000013038516,0.8065966963768005,-436.4776916503906,0.08028378337621689,0.0,0.08028378337621689,-0.7632654253721117,back_downstream
0.001500000013038516,0.8080959320068359,-436.50347900390625,0.08067066967487335,0.0,0.08067066967487335,-0.7633105195332266,back_downstream
0.001500000013038516,0.8095952272415161,-436.5296325683594,0.08106344938278198,0.0,0.08106344938278198,-0.7633562540847951,back_downstream
0.001500000013038516,0.8110944628715515,-436.55615234375,0.08146226406097412,0.0,0.08146226406097412,-0.7634026290268173,back_downstream
0.001500000013038516,0.8125936985015869,-436.5830078125,0.08186721056699753,0.0,0.08186721056699753,-0.7634495909934222,back_downstream
0.001500000013038516,0.8140929341316223,-436.6102600097656,0.08227843791246414,0.0,0.08227843791246414,-0.7634972467163519,back_downstream
0.001500000013038516,0.8155922293663025,-436.6379089355469,0.08269619196653366,0.0,0.08269619196653366,-0.7635455961956064,back_downstream
0.001500000013038516,0.8170914649963379,-436.66595458984375,0.0831206813454628,0.0,0.0831206813454628,-0.7635946394311858,back_downstream
0.001500000013038516,0.8185907006263733,-436.69439697265625,0.0835520401597023,0.0,0.0835520401597023,-0.7636443764230899,back_downstream
0.001500000013038516,0.8200899362564087,-436.7232971191406,0.08399049192667007,0.0,0.08399049192667007,-0.7636949139030612,back_downstream
0.001500000013038516,0.8215892314910889,-436.7525939941406,0.08443620055913925,0.0,0.08443620055913925,-0.7637461451393575,back_downstream
0.001500000013038516,0.8230884671211243,-436.7823486328125,0.08488929271697998,0.0,0.08488929271697998,-0.7637981768637208,back_downstream
0.001500000013038516,0.8245877027511597,-436.81256103515625,0.08534999936819077,0.0,0.08534999936819077,-0.7638510090761511,back_downstream
0.001500000013038516,0.8260869383811951,-436.84326171875,0.08581855148077011,0.0,0.08581855148077011,-0.7639046951425198,back_downstream
0.001500000013038516,0.8275862336158752,-436.87445068359375,0.08629520237445831,0.0,0.08629520237445831,-0.7639592350628268,back_downstream
0.001500000013038516,0.8290854692459106,-436.9061279296875,0.08678018301725388,0.0,0.08678018301725388,-0.764014628837072,back_downstream
0.001500000013038516,0.830584704875946,-436.9383239746094,0.08727375417947769,0.0,0.08727375417947769,-0.7640709298311267,back_downstream
0.001500000013038516,0.8320839405059814,-436.9710693359375,0.08777619898319244,0.0,0.08777619898319244,-0.7641281914108619,back_downstream
0.001500000013038516,0.8335832357406616,-437.00433349609375,0.08828777819871902,0.0,0.08828777819871902,-0.7641863602104065,back_downstream
0.001500000013038516,0.835082471370697,-437.0382080078125,0.0888088122010231,0.0,0.0888088122010231,-0.764245596327374,back_downstream
0.001500000013038516,0.8365817070007324,-437.0726318359375,0.08933953195810318,0.0,0.08933953195810318,-0.764305793030022,back_downstream
0.001500000013038516,0.8380809426307678,-437.107666015625,0.08988019078969955,0.0,0.08988019078969955,-0.7643670570500928,back_downstream
0.001500000013038516,0.839580237865448,-437.143310546875,0.09043112397193909,0.0,0.09043112397193909,-0.7644293883875865,back_downstream
0.001500000013038516,0.8410794734954834,-437.17962646484375,0.09099266678094864,0.0,0.09099266678094864,-0.7644928937742452,back_downstream
0.001500000013038516,0.8425787091255188,-437.2165832519531,0.09156514704227448,0.0,0.09156514704227448,-0.7645575198441981,back_downstream
0.001500000013038516,0.8440779447555542,-437.25421142578125,0.09214892238378525,0.0,0.09214892238378525,-0.7646233199633159,back_downstream
0.001500000013038516,0.8455772399902344,-437.2925720214844,0.09274435043334961,0.0,0.09274435043334961,-0.7646904008633413,back_downstream
0.001500000013038516,0.8470764756202698,-437.3316345214844,0.0933518260717392,0.0,0.0933518260717392,-0.7647587091784028,back_downstream
0.001500000013038516,0.8485757112503052,-437.3714904785156,0.09397173672914505,0.0,0.09397173672914505,-0.764828405006114,back_downstream
0.001500000013038516,0.8500749468803406,-437.4120788574219,0.09460441768169403,0.0,0.09460441768169403,-0.7648993816147327,back_downstream
0.001500000013038516,0.8515742421150208,-437.4534912109375,0.09525026381015778,0.0,0.09525026381015778,-0.7649717991018722,back_downstream
0.001500000013038516,0.8530734777450562,-437.4957580566406,0.09590964764356613,0.0,0.09590964764356613,-0.7650457108334037,back_downstream
0.001500000013038516,0.8545727133750916,-437.5388488769531,0.09658296406269073,0.0,0.09658296406269073,-0.7651210634434559,back_downstream
0.001500000013038516,0.856071949005127,-437.5828552246094,0.09727062284946442,0.0,0.09727062284946442,-0.7651980170296425,back_downstream
0.001500000013038516,0.8575711846351624,-437.62774658203125,0.09797302633523941,0.0,0.09797302633523941,-0.7652765182260921,back_downstream
0.001500000013038516,0.8590704798698425,-437.6736145019531,0.09869060665369034,0.0,0.09869060665369034,-0.7653567271304184,back_downstream
0.001500000013038516,0.8605697154998779,-437.720458984375,0.09942380338907242,0.0,0.09942380338907242,-0.765438643742621,back_downstream
0.001500000013038516,0.8620689511299133,-437.7682800292969,0.10017311573028564,0.0,0.10017311573028564,-0.7655222680627003,back_downstream
0.001500000013038516,0.8635681867599487,-437.81719970703125,0.10093899071216583,0.0,0.10093899071216583,-0.7656078135541406,back_downstream
0.001500000013038516,0.8650674819946289,-437.8671569824219,0.101721853017807,0.0,0.101721853017807,-0.7656951734851999,back_downstream
0.001500000013038516,0.8665667176246643,-437.9182434082031,0.10252220928668976,0.0,0.10252220928668976,-0.7657845079534913,back_downstream
0.001500000013038516,0.8680659532546997,-437.9704895019531,0.10334057360887527,0.0,0.10334057360887527,-0.7658758703248861,back_downstream
0.001500000013038516,0.8695651888847351,-438.0239562988281,0.10417747497558594,0.0,0.10417747497558594,-0.7659693673311267,back_downstream
0.001500000013038516,0.8710644841194153,-438.07861328125,0.10503341257572174,0.0,0.10503341257572174,-0.7660649456063418,back_downstream
0.001500000013038516,0.8725637197494507,-438.13458251953125,0.10590891540050507,0.0,0.10590891540050507,-0.7661628186140159,back_downstream
0.001500000013038516,0.8740629553794861,-438.1918640136719,0.10680453479290009,0.0,0.10680453479290009,-0.7662629863541491,back_downstream
0.001500000013038516,0.8755621910095215,-438.2505187988281,0.10772081464529037,0.0,0.10772081464529037,-0.7663655555584837,back_downstream
0.001500000013038516,0.8770614862442017,-438.3105773925781,0.1086583212018013,0.0,0.1086583212018013,-0.7664705795928909,back_downstream
0.001500000013038516,0.8785607218742371,-438.37213134765625,0.10961771011352539,0.0,0.10961771011352539,-0.766578218554984,back_downstream
0.001500000013038516,0.8800599575042725,-438.4351806640625,0.11059948801994324,0.0,0.11059948801994324,-0.766688472444763,back_downstream
0.001500000013038516,0.8815591931343079,-438.4997863769531,0.11160416901111603,0.0,0.11160416901111603,-0.7668014479939703,back_downstream
0.001500000013038516,0.883058488368988,-438.5660095214844,0.11263221502304077,0.0,0.11263221502304077,-0.7669172519343481,back_downstream
0.001500000013038516,0.8845577239990234,-438.6339111328125,0.11368418484926224,0.0,0.11368418484926224,-0.7670359909976388,back_downstream
0.001500000013038516,0.8860569596290588,-438.7035217285156,0.11476077884435654,0.0,0.11476077884435654,-0.7671577185497133,back_downstream
0.001500000013038516,0.8875561952590942,-438.7749328613281,0.11586258560419083,0.0,0.11586258560419083,-0.7672825946881853,back_downstream
0.001500000013038516,0.8890554904937744,-438.8481750488281,0.11699017137289047,0.0,0.11699017137289047,-0.7674106727789256,back_downstream
0.001500000013038516,0.8905547261238098,-438.92333984375,0.11814412474632263,0.0,0.11814412474632263,-0.767542112919548,back_downstream
0.001500000013038516,0.8920539617538452,-439.0004577636719,0.11932501941919327,0.0,0.11932501941919327,-0.7676769684759235,back_downstream
0.001500000013038516,0.8935531973838806,-439.0796203613281,0.1205335184931755,0.0,0.1205335184931755,-0.7678153995456654,back_downstream
0.001500000013038516,0.8950524926185608,-439.1608581542969,0.12177019566297531,0.0,0.12177019566297531,-0.767957459494645,back_downstream
0.001500000013038516,0.8965517282485962,-439.2442932128906,0.12303564697504044,0.0,0.12303564697504044,-0.7681033617863467,back_downstream
0.001500000013038516,0.8980509638786316,-439.3299560546875,0.12433058023452759,0.0,0.12433058023452759,-0.768253159786642,back_downstream
0.001500000013038516,0.899550199508667,-439.41790771484375,0.12565553188323975,0.0,0.12565553188323975,-0.7684069602272727,back_downstream
0.001500000013038516,0.9010494947433472,-439.50823974609375,0.12701107561588287,0.0,0.12701107561588287,-0.7685649232058526,back_downstream
0.001500000013038516,0.9025487303733826,-439.6010437011719,0.12839782238006592,0.0,0.12839782238006592,-0.768727208819995,back_downstream
0.001500000013038516,0.904047966003418,-439.6963806152344,0.12981641292572021,0.0,0.12981641292572021,-0.7688939238014421,back_downstream
0.001500000013038516,0.9055472016334534,-439.7943115234375,0.13126757740974426,0.0,0.13126757740974426,-0.7690651748819363,back_downstream
0.001500000013038516,0.9070464968681335,-439.89495849609375,0.13275189697742462,0.0,0.13275189697742462,-0.7692411755249621,back_downstream
0.001500000013038516,0.908545732498169,-439.9983825683594,0.13426969945430756,0.0,0.13426969945430756,-0.7694220324622618,back_downstream
0.001500000013038516,0.9100449681282043,-440.1046447753906,0.1358213871717453,0.0,0.1358213871717453,-0.7696078524255777,back_downstream
0.001500000013038516,0.9115442037582397,-440.2138671875,0.13740752637386322,0.0,0.13740752637386322,-0.7697988488783943,back_downstream
0.001500000013038516,0.9130434989929199,-440.32611083984375,0.1390286386013031,0.0,0.1390286386013031,-0.7699951285524541,back_downstream
0.001500000013038516,0.9145427346229553,-440.44146728515625,0.1406853199005127,0.0,0.1406853199005127,-0.7701968515453702,back_downstream
0.001500000013038516,0.9160419702529907,-440.5600280761719,0.14237834513187408,0.0,0.14237834513187408,-0.7704041779547564,back_downstream
0.001500000013038516,0.9175412058830261,-440.6819152832031,0.144108384847641,0.0,0.144108384847641,-0.7706173212440969,back_downstream
0.001500000013038516,0.9190405011177063,-440.80718994140625,0.14587610960006714,0.0,0.14587610960006714,-0.7708363881451341,back_downstream
0.001500000013038516,0.9205397367477417,-440.9359436035156,0.14768218994140625,0.0,0.14768218994140625,-0.7710615387554816,back_downstream
0.001500000013038516,0.9220389723777771,-441.0683288574219,0.14952735602855682,0.0,0.14952735602855682,-0.7712930399044949,back_downstream
0.001500000013038516,0.9235382080078125,-441.20440673828125,0.15141239762306213,0.0,0.15141239762306213,-0.7715309983239164,back_downstream
0.001500000013038516,0.9250375032424927,-441.3443298339844,0.15333816409111023,0.0,0.15333816409111023,-0.7717756808431018,back_downstream
0.001500000013038516,0.9265367388725281,-441.4881591796875,0.15530556440353394,0.0,0.15530556440353394,-0.7720271941937933,back_downstream
0.001500000013038516,0.9280359745025635,-441.63604736328125,0.15731565654277802,0.0,0.15731565654277802,-0.7722858052053466,back_downstream
0.001500000013038516,0.9295352101325989,-441.78814697265625,0.1593695431947708,0.0,0.1593695431947708,-0.7725517807071176,back_downstream
0.001500000013038516,0.931034505367279,-441.94451904296875,0.1614685207605362,0.0,0.1614685207605362,-0.7728252274308484,back_downstream
0.001500000013038516,0.9325337409973145,-442.1053771972656,0.16361398994922638,0.0,0.16361398994922638,-0.773106518937637,back_downstream
0.001500000013038516,0.9340329766273499,-442.2708740234375,0.16580761969089508,0.0,0.16580761969089508,-0.7733959220568393,back_downstream
0.001500000013038516,0.9355322122573853,-442.4411315917969,0.16805127263069153,0.0,0.16805127263069153,-0.7736936502519397,back_downstream
0.001500000013038516,0.9370315074920654,-442.6163330078125,0.17034733295440674,0.0,0.17034733295440674,-0.774000023718165,back_downstream
0.001500000013038516,0.9385307431221008,-442.7967529296875,0.1726984977722168,0.0,0.1726984977722168,-0.7743155227483556,back_downstream
0.001500000013038516,0.9400299787521362,-442.9825439453125,0.17510871589183807,0.0,0.17510871589183807,-0.7746404141718671,back_downstream
0.001500000013038516,0.9415292143821716,-443.1740417480469,0.17758281528949738,0.0,0.17758281528949738,-0.7749752850132822,back_downstream
0.001500000013038516,0.9430285096168518,-443.3715515136719,0.18012475967407227,0.0,0.18012475967407227,-0.7753206689313122,back_downstream
0.001500000013038516,0.9445277452468872,-443.57537841796875,0.18273870646953583,0.0,0.18273870646953583,-0.7756770995846686,back_downstream
0.001500000013038516,0.9460269808769226,-443.7858581542969,0.18543048202991486,0.0,0.18543048202991486,-0.7760451639979339,back_downstream
0.001500000013038516,0.947526216506958,-444.00341796875,0.18820755183696747,0.0,0.18820755183696747,-0.7764256092933042,back_downstream
0.001500000013038516,0.9490255117416382,-444.2286071777344,0.19107863306999207,0.0,0.19107863306999207,-0.7768193960564598,back_downstream
0.001500000013038516,0.9505247473716736,-444.46197509765625,0.19405381381511688,0.0,0.19405381381511688,-0.7772274848730815,back_downstream
0.001500000013038516,0.952023983001709,-444.7041931152344,0.19714458286762238,0.0,0.19714458286762238,-0.7776510497923343,back_downstream
0.001500000013038516,0.9535232186317444,-444.9559631347656,0.20036406815052032,0.0,0.20036406815052032,-0.7780913182292546,back_downstream
0.001500000013038516,0.9550225138664246,-445.21820068359375,0.20372706651687622,0.0,0.20372706651687622,-0.7785498911599764,back_downstream
0.001500000013038516,0.95652174949646,-445.49188232421875,0.2072502225637436,0.0,0.2072502225637436,-0.7790284762923765,back_downstream
0.001500000013038516,0.9580209851264954,-445.77813720703125,0.21095207333564758,0.0,0.21095207333564758,-0.779529048163687,back_downstream
0.001500000013038516,0.9595202207565308,-446.0781555175781,0.2148531675338745,0.0,0.2148531675338745,-0.7800536880428824,back_downstream
0.001500000013038516,0.9610195159912109,-446.3934326171875,0.21897616982460022,0.0,0.21897616982460022,-0.7806050108576489,back_downstream
0.001500000013038516,0.9625187516212463,-446.7255554199219,0.22334595024585724,0.0,0.22334595024585724,-0.7811857916332856,back_downstream
0.001500000013038516,0.9640179872512817,-447.0762939453125,0.2279895544052124,0.0,0.2279895544052124,-0.7817991255903188,back_downstream
0.001500000013038516,0.9655172228813171,-447.4476623535156,0.23293572664260864,0.0,0.23293572664260864,-0.7824485348762439,back_downstream
0.001500000013038516,0.9670165181159973,-447.8418884277344,0.2382153570652008,0.0,0.2382153570652008,-0.7831379151996543,back_downstream
0.001500000013038516,0.9685157537460327,-448.2614440917969,0.24386422336101532,0.0,0.24386422336101532,-0.7838715891961123,back_downstream
0.001500000013038516,0.9700149893760681,-448.7093811035156,0.24992598593235016,0.0,0.24992598593235016,-0.7846548934527323,back_downstream
0.001500000013038516,0.9715142250061035,-449.1890869140625,0.2564396858215332,0.0,0.2564396858215332,-0.785493751581211,back_downstream
0.001500000013038516,0.9730135202407837,-449.7041320800781,0.26344186067581177,0.0,0.26344186067581177,-0.786394407388472,back_downstream
0.001500000013038516,0.9745127558708191,-450.2583923339844,0.2709859013557434,0.0,0.2709859013557434,-0.7873636383401501,back_downstream
0.001500000013038516,0.9760119915008545,-450.8570251464844,0.2791379392147064,0.0,0.2791379392147064,-0.7884104632684685,back_downstream
0.001500000013038516,0.9775112271308899,-451.5058898925781,0.2879781424999237,0.0,0.2879781424999237,-0.7895451284206865,back_downstream
0.001500000013038516,0.9790105223655701,-452.212158203125,0.29759201407432556,0.0,0.29759201407432556,-0.7907801747765222,back_downstream
0.001500000013038516,0.9805097579956055,-452.984130859375,0.3081023097038269,0.0,0.3081023097038269,-0.7921301178529263,back_downstream
0.001500000013038516,0.9820089936256409,-453.8328857421875,0.31961923837661743,0.0,0.31961923837661743,-0.7936143294611233,back_downstream
0.001500000013038516,0.9835082292556763,-454.7702941894531,0.3323669135570526,0.0,0.3323669135570526,-0.7952535689249873,back_downstream
0.001500000013038516,0.9850075244903564,-455.8161315917969,0.3464588522911072,0.0,0.3464588522911072,-0.7970824173290184,back_downstream
0.001500000013038516,0.9865067601203918,-456.98638916015625,0.3623899221420288,0.0,0.3623899221420288,-0.7991288383896947,back_downstream
0.001500000013038516,0.9880059957504272,-458.3240966796875,0.38014787435531616,0.0,0.38014787435531616,-0.8014680779853264,back_downstream
0.001500000013038516,0.9895052313804626,-459.84735107421875,0.4011809229850769,0.0,0.4011809229850769,-0.8041317820775005,back_downstream
0.001500000013038516,0.9910045266151428,-461.67742919921875,0.4245831072330475,0.0,0.4245831072330475,-0.8073320266381346,back_downstream
0.001500000013038516,0.9925037622451782,-463.7928466796875,0.4558326303958893,0.0,0.4558326303958893,-0.8110312420939451,back_downstream
0.001500000013038516,0.9940029978752136,-466.6262512207031,0.48738721013069153,0.0,0.48738721013069153,-0.8159859964001097,back_downstream
0.001500000013038516,0.995502233505249,-469.6901550292969,0.5502822995185852,0.0,0.5502822995185852,-0.8213438231310086,back_downstream
0.001500000013038516,0.9970015287399292,-474.9359436035156,0.5886182188987732,0.0,0.5886182188987732,-0.830517096185065,back_downstream
0.001500000013038516,0.9985007643699646,-477.9124755859375,0.7108946442604065,0.0,0.7108946442604065,-0.8357221364268849,back_downstream
0.001500000013038516,1.0,-558.9891967773438,2.6402390003204346,-2.2171993255615234,0.4230397045612335,-0.97750042033859,back_downstream
2.168404344971009e-19,1.0,-886.8479614257812,2.443772077560425,-1.9917353391647339,0.0,-1.5508247029958677,thin_edge
-0.001500000013038516,1.0,-786.6130981445312,4.472227096557617,0.2259618639945984,4.246265411376953,-1.375544712693962,front_upstream
-0.001500000013038516,0.9985007643699646,-423.57269287109375,7.59838342666626,0.0,7.59838342666626,-0.7406985460764884,front_upstream
-0.001500000013038516,0.9970015287399292,-351.28521728515625,6.692904949188232,0.0,6.692904949188232,-0.6142899532488616,front_upstream
-0.001500000013038516,0.995502233505249,-270.5679626464844,6.366544246673584,0.0,6.366544246673584,-0.4731402659333362,front_upstream
-0.001500000013038516,0.9940029978752136,-220.21266174316406,5.942238807678223,0.0,5.942238807678223,-0.3850843104997681,front_upstream
-0.001500000013038516,0.9925037622451782,-177.40939331054688,5.692742347717285,0.0,5.692742347717285,-0.31023454036831677,front_upstream
-0.001500000013038516,0.9910045266151428,-143.3531036376953,5.455411434173584,0.0,5.455411434173584,-0.2506805495894122,front_upstream
-0.001500000013038516,0.9895052313804626,-113.68822479248047,5.262951850891113,0.0,5.262951850891113,-0.19880578759460912,front_upstream
-0.001500000013038516,0.9880059957504272,-87.74261474609375,5.089360237121582,0.0,5.089360237121582,-0.15343488441347614,front_upstream
-0.001500000013038516,0.9865067601203918,-64.43167114257812,4.93570613861084,0.0,4.93570613861084,-0.11267120364416428,front_upstream
-0.001500000013038516,0.9850075244903564,-43.29988479614258,4.796114444732666,0.0,4.796114444732666,-0.07571819962327649,front_upstream
-0.001500000013038516,0.9835082292556763,-23.92646598815918,4.668901443481445,0.0,4.668901443481445,-0.041840040371940355,front_upstream
-0.001500000013038516,0.9820089936256409,-6.046472072601318,4.55187463760376,0.0,4.55187463760376,-0.010573422575262349,front_upstream
-0.001500000013038516,0.9805097579956055,10.559943199157715,4.443704605102539,0.0,4.443704605102539,0.018466097333254713,front_upstream
-0.001500000013038516,0.9790105223655701,26.072580337524414,4.343113422393799,0.0,4.343113422393799,0.04559293522338558,front_upstream
-0.001500000013038516,0.9775112271308899,40.640079498291016,4.249080657958984,0.0,4.249080657958984,0.07106701707510225,front_upstream
-0.001500000013038516,0.9760119915008545,54.37919235229492,4.160782814025879,0.0,4.160782814025879,0.09509250570224216,front_upstream
-0.001500000013038516,0.9745127558708191,67.384765625,4.077564239501953,0.0,4.077564239501953,0.11783525889694721,front_upstream
-0.001500000013038516,0.9730135202407837,79.73418426513672,3.9988815784454346,0.0,3.9988815784454346,0.13943059916696535,front_upstream
-0.001500000013038516,0.9715142250061035,91.49279022216797,3.9242796897888184,0.0,3.9242796897888184,0.15999278951314513,front_upstream
-0.001500000013038516,0.9700149893760681,102.71607208251953,3.853368043899536,0.0,3.853368043899536,0.17961886243069025,front_upstream
-0.001500000013038516,0.9685157537460327,113.4517593383789,3.78581166267395,0.0,3.78581166267395,0.19839228214206656,front_upstream
-0.001500000013038516,0.9670165181159973,123.74114990234375,3.7213196754455566,0.0,3.7213196754455566,0.21638526601239672,front_upstream
-0.001500000013038516,0.9655172228813171,133.6202850341797,3.6596386432647705,0.0,3.6596386432647705,0.23366083913549926,front_upstream
-0.001500000013038516,0.9640179872512817,143.120849609375,3.600545883178711,0.0,3.600545883178711,0.2502744086270872,front_upstream
-0.001500000013038516,0.9625187516212463,152.2708282470703,3.543843984603882,0.0,3.543843984603882,0.26627491099099765,front_upstream
-0.001500000013038516,0.9610195159912109,161.0951385498047,3.4893581867218018,0.0,3.4893581867218018,0.28170591946101786,front_upstream
-0.001500000013038516,0.9595202207565308,169.6160125732422,3.436931848526001,0.0,3.436931848526001,0.29660631107427476,front_upstream
-0.001500000013038516,0.9580209851264954,177.8533935546875,3.386425018310547,0.0,3.386425018310547,0.3110109604275595,front_upstream
-0.001500000013038516,0.95652174949646,185.8253631591797,3.3377106189727783,0.0,3.3377106189727783,0.3249514867995235,front_upstream
-0.001500000013038516,0.9550225138664246,193.54830932617188,3.2906739711761475,0.0,3.2906739711761475,0.3384565476629702,front_upstream
-0.001500000013038516,0.9535232186317444,201.03709411621094,3.245210647583008,0.0,3.245210647583008,0.35155213219714543,front_upstream
-0.001500000013038516,0.952023983001709,208.3052520751953,3.201225519180298,0.0,3.201225519180298,0.36426190816590065,front_upstream
-0.001500000013038516,0.9505247473716736,215.36514282226562,3.158632278442383,0.0,3.158632278442383,0.3766074887470484,front_upstream
-0.001500000013038516,0.9490255117416382,222.22808837890625,3.11735200881958,0.0,3.11735200881958,0.3886086726787823,front_upstream
-0.001500000013038516,0.947526216506958,228.90444946289062,3.0773122310638428,0.0,3.0773122310638428,0.4002835776743549,front_upstream
-0.001500000013038516,0.9460269808769226,235.40380859375,3.0384461879730225,0.0,3.0384461879730225,0.41164896061730477,front_upstream
-0.001500000013038516,0.9445277452468872,241.7350311279297,3.000692844390869,0.0,3.000692844390869,0.4227203242931987,front_upstream
-0.001500000013038516,0.9430285096168518,247.90625,2.9639954566955566,0.0,2.9639954566955566,0.43351189070669593,front_upstream
-0.001500000013038516,0.9415292143821716,253.92506408691406,2.9283018112182617,0.0,2.9283018112182617,0.44403694795971077,front_upstream
-0.001500000013038516,0.9400299787521362,259.7984619140625,2.893563985824585,0.0,2.893563985824585,0.4543077168367347,front_upstream
-0.001500000013038516,0.9385307431221008,265.5327453613281,2.85973858833313,0.0,2.85973858833313,0.46433521739015854,front_upstream
-0.001500000013038516,0.9370315074920654,271.13360595703125,2.826786994934082,0.0,2.826786994934082,0.47412940235495027,front_upstream
-0.001500000013038516,0.9355322122573853,276.6065673828125,2.7946720123291016,0.0,2.7946720123291016,0.4836999309537865,front_upstream
-0.001500000013038516,0.9340329766273499,281.9572448730469,2.763354778289795,0.0,2.763354778289795,0.49305662250695736,front_upstream
-0.001500000013038516,0.9325337409973145,287.19110107421875,2.7327961921691895,0.0,2.7327961921691895,0.5022090295053973,front_upstream
-0.001500000013038516,0.931034505367279,292.31317138671875,2.702960968017578,0.0,2.702960968017578,0.5111659573178445,front_upstream
-0.001500000013038516,0.9295352101325989,297.32806396484375,2.673816680908203,0.0,2.673816680908203,0.5199354641908417,front_upstream
-0.001500000013038516,0.9280359745025635,302.2400207519531,2.6453347206115723,0.0,2.6453347206115723,0.5285249679804773,front_upstream
-0.001500000013038516,0.9265367388725281,307.0529479980469,2.617487907409668,0.0,2.617487907409668,0.5369412995182578,front_upstream
-0.001500000013038516,0.9250375032424927,311.7705078125,2.5902516841888428,0.0,2.5902516841888428,0.5451908627087199,front_upstream
-0.001500000013038516,0.9235382080078125,316.3962097167969,2.5636026859283447,0.0,2.5636026859283447,0.553279794627045,front_upstream
-0.001500000013038516,0.9220389723777771,320.93328857421875,2.537518262863159,0.0,2.537518262863159,0.5612137520555743,front_upstream
-0.001500000013038516,0.9205397367477417,325.3848876953125,2.5119776725769043,0.0,2.5119776725769043,0.5689982316790353,front_upstream
-0.001500000013038516,0.9190405011177063,329.75390625,2.4869611263275146,0.0,2.4869611263275146,0.5766383032551864,front_upstream
-0.001500000013038516,0.9175412058830261,334.04315185546875,2.462449789047241,0.0,2.462449789047241,0.5841388764441727,front_upstream
-0.001500000013038516,0.9160419702529907,338.25531005859375,2.4384257793426514,0.0,2.4384257793426514,0.5915046474426547,front_upstream
-0.001500000013038516,0.9145427346229553,342.39288330078125,2.414872169494629,0.0,2.414872169494629,0.5987399922520661,front_upstream
-0.001500000013038516,0.9130434989929199,346.458251953125,2.391772747039795,0.0,2.391772747039795,0.6058490734103559,front_upstream
-0.001500000013038516,0.9115442037582397,350.4537658691406,2.369112253189087,0.0,2.369112253189087,0.6128360000896019,front_upstream
-0.001500000013038516,0.9100449681282043,354.3815612792969,2.3468761444091797,0.0,2.3468761444091797,0.6197045079007844,front_upstream
-0.001500000013038516,0.908545732498169,358.2437438964844,2.3250505924224854,0.0,2.3250505924224854,0.6264582790890116,front_upstream
-0.001500000013038516,0.9070464968681335,362.0422668457031,2.303622007369995,0.0,2.303622007369995,0.6331007290700371,front_upstream
-0.001500000013038516,0.9055472016334534,365.7790832519531,2.2825779914855957,0.0,2.2825779914855957,0.6396352732596138,front_upstream
-0.001500000013038516,0.904047966003418,369.4559631347656,2.261906862258911,0.0,2.261906862258911,0.6460650068782678,front_upstream
-0.001500000013038516,0.9025487303733826,373.0746765136719,2.2415964603424072,0.0,2.2415964603424072,0.6523930251465255,front_upstream
-0.001500000013038516,0.9010494947433472,376.6368713378906,2.2216360569000244,0.0,2.2216360569000244,0.6586222098214286,front_upstream
-0.001500000013038516,0.899550199508667,380.1441650390625,2.2020151615142822,0.0,2.2020151615142822,0.6647553892941475,front_upstream
-0.001500000013038516,0.8980509638786316,383.5980529785156,2.1827232837677,0.0,2.1827232837677,0.670795178492368,front_upstream
-0.001500000013038516,0.8965517282485962,387.0000305175781,2.1637511253356934,0.0,2.1637511253356934,0.6767441923437764,front_upstream
-0.001500000013038516,0.8950524926185608,390.35150146484375,2.1450891494750977,0.0,2.1450891494750977,0.6826048856784449,front_upstream
-0.001500000013038516,0.8935531973838806,393.6537780761719,2.1267290115356445,0.0,2.1267290115356445,0.6883795532288329,front_upstream
-0.001500000013038516,0.8920539617538452,396.9081726074219,2.1086621284484863,0.0,2.1086621284484863,0.6940704897273993,front_upstream
-0.001500000013038516,0.8905547261238098,400.1159362792969,2.0908801555633545,0.0,2.0908801555633545,0.6996798831748609,front_upstream
-0.001500000013038516,0.8890554904937744,403.2782287597656,2.0733754634857178,0.0,2.0733754634857178,0.7052097614743211,front_upstream
-0.001500000013038516,0.8875561952590942,406.396240234375,2.056140184402466,0.0,2.056140184402466,0.7106622058947546,front_upstream
-0.001500000013038516,0.8860569596290588,409.4710388183594,2.039167881011963,0.0,2.039167881011963,0.7160390842416512,front_upstream
-0.001500000013038516,0.8845577239990234,412.50372314453125,2.022451162338257,0.0,2.022451162338257,0.7213423176863721,front_upstream
-0.001500000013038516,0.883058488368988,415.4953308105469,2.005983591079712,0.0,2.005983591079712,0.726573720668536,front_upstream
-0.001500000013038516,0.8815591931343079,418.44677734375,1.9897587299346924,0.0,1.9897587299346924,0.7317348941642773,front_upstream
-0.001500000013038516,0.8800599575042725,421.3591003417969,1.973770260810852,0.0,1.973770260810852,0.7368276526132147,front_upstream
-0.001500000013038516,0.8785607218742371,424.233154296875,1.9580124616622925,0.0,1.9580124616622925,0.7418534902597402,front_upstream
-0.001500000013038516,0.8770614862442017,427.0698547363281,1.9424792528152466,0.0,1.9424792528152466,0.7468140080799882,front_upstream
-0.001500000013038516,0.8755621910095215,429.87005615234375,1.9271655082702637,0.0,1.9271655082702637,0.7517107003183505,front_upstream
-0.001500000013038516,0.8740629553794861,432.63458251953125,1.912066102027893,0.0,1.912066102027893,0.756545007853348,front_upstream
-0.001500000013038516,0.8725637197494507,435.3642272949219,1.897175669670105,0.0,1.897175669670105,0.7613183181976303,front_upstream
-0.001500000013038516,0.8710644841194153,438.059814453125,1.8824892044067383,0.0,1.8824892044067383,0.7660320722297184,front_upstream
-0.001500000013038516,0.8695651888847351,440.7220153808594,1.8680020570755005,0.0,1.8680020570755005,0.7706874439987772,front_upstream
-0.001500000013038516,0.8680659532546997,443.3515930175781,1.8537094593048096,0.0,1.8537094593048096,0.7752857676515854,front_upstream
-0.001500000013038516,0.8665667176246643,445.94921875,1.8396072387695312,0.0,1.8396072387695312,0.7798282172373082,front_upstream
-0.001500000013038516,0.8650674819946289,448.515625,1.8256909847259521,0.0,1.8256909847259521,0.7843160735368528,front_upstream
-0.001500000013038516,0.8635681867599487,451.0514221191406,1.8119564056396484,0.0,1.8119564056396484,0.7887504038676422,front_upstream
-0.001500000013038516,0.8620689511299133,453.5572814941406,1.798399567604065,0.0,1.798399567604065,0.7931323822788413,front_upstream
-0.001500000013038516,0.8605697154998779,456.0337829589844,1.785016655921936,0.0,1.785016655921936,0.7974630227220021,front_upstream
-0.001500000013038516,0.8590704798698425,458.4815673828125,1.771803855895996,0.0,1.771803855895996,0.8017434458804183,front_upstream
-0.001500000013038516,0.8575711846351624,460.9011535644531,1.7587573528289795,0.0,1.7587573528289795,0.8059745589738995,front_upstream
-0.001500000013038516,0.856071949005127,463.29315185546875,1.7458738088607788,0.0,1.7458738088607788,0.8101574293198684,front_upstream
-0.001500000013038516,0.8545727133750916,465.6581115722656,1.733149766921997,0.0,1.733149766921997,0.8142930175040057,front_upstream
-0.001500000013038516,0.8530734777450562,467.9965515136719,1.7205818891525269,0.0,1.7205818891525269,0.8183822307461208,front_upstream
-0.001500000013038516,0.8515742421150208,470.3089904785156,1.7081668376922607,0.0,1.7081668376922607,0.822425976266023,front_upstream
-0.001500000013038516,0.8500749468803406,472.595947265625,1.6959015130996704,0.0,1.6959015130996704,0.8264251612835217,front_upstream
-0.001500000013038516,0.8485757112503052,474.85784912109375,1.683782935142517,0.0,1.683782935142517,0.8303805329208129,front_upstream
-0.001500000013038516,0.8470764756202698,477.0952453613281,1.671808123588562,0.0,1.671808123588562,0.8342930517635774,front_upstream
-0.001500000013038516,0.8455772399902344,479.30853271484375,1.6599740982055664,0.0,1.6599740982055664,0.8381634115681397,front_upstream
-0.001500000013038516,0.8440779447555542,481.4981994628906,1.6482782363891602,0.0,1.6482782363891602,0.8419924661884383,front_upstream
-0.001500000013038516,0.8425787091255188,483.6646423339844,1.636717677116394,0.0,1.636717677116394,0.8457809093807978,front_upstream
-0.001500000013038516,0.8410794734954834,485.8083190917969,1.6252899169921875,0.0,1.6252899169921875,0.8495295416332855,front_upstream
-0.001500000013038516,0.839580237865448,487.9296569824219,1.6139923334121704,0.0,1.6139923334121704,0.8532391100680975,front_upstream
-0.001500000013038516,0.8380809426307678,490.0290222167969,1.6028223037719727,0.0,1.6028223037719727,0.8569102550756873,front_upstream
-0.001500000013038516,0.8365817070007324,492.1067810058594,1.5917776823043823,0.0,1.5917776823043823,0.8605436170465087,front_upstream
-0.001500000013038516,0.835082471370697,494.1633605957031,1.5808557271957397,0.0,1.5808557271957397,0.8641399431027577,front_upstream
-0.001500000013038516,0.8335832357406616,496.1991271972656,1.5700546503067017,0.0,1.5700546503067017,0.8676998736348879,front_upstream
-0.001500000013038516,0.8320839405059814,498.2144470214844,1.5593719482421875,0.0,1.5593719482421875,0.871224049033353,front_upstream
-0.001500000013038516,0.830584704875946,500.20965576171875,1.5488054752349854,0.0,1.5488054752349854,0.8747130563227358,front_upstream
-0.001500000013038516,0.8290854692459106,502.18511962890625,1.5383529663085938,0.0,1.5383529663085938,0.8781675358934896,front_upstream
-0.001500000013038516,0.8275862336158752,504.1411437988281,1.5280125141143799,0.0,1.5280125141143799,0.8815880214043262,front_upstream
-0.001500000013038516,0.8260869383811951,506.07806396484375,1.5177819728851318,0.0,1.5177819728851318,0.884975099879828,front_upstream
-0.001500000013038516,0.8245877027511597,507.9962158203125,1.5076594352722168,0.0,1.5076594352722168,0.8883293583445775,front_upstream
-0.001500000013038516,0.8230884671211243,509.8959045410156,1.497642993927002,0.0,1.497642993927002,0.8916513304572863,front_upstream
-0.001500000013038516,0.8215892314910889,511.7774353027344,1.4877307415008545,0.0,1.4877307415008545,0.8949415498766656,front_upstream
-0.001500000013038516,0.8200899362564087,513.6410522460938,1.4779208898544312,0.0,1.4779208898544312,0.8982004435296846,front_upstream
-0.001500000013038516,0.8185907006263733,515.4871215820312,1.4682116508483887,0.0,1.4682116508483887,0.9014286518067971,front_upstream
-0.001500000013038516,0.8170914649963379,517.31591796875,1.4586011171340942,0.0,1.4586011171340942,0.9046266550008434,front_upstream
-0.001500000013038516,0.8155922293663025,519.1276245117188,1.4490879774093628,0.0,1.4490879774093628,0.9077947733070502,front_upstream
-0.001500000013038516,0.8140929341316223,520.9226684570312,1.4396703243255615,0.0,1.4396703243255615,0.9109337538476134,front_upstream
-0.001500000013038516,0.8125936985015869,522.7011108398438,1.4303466081619263,0.0,1.4303466081619263,0.9140437033542756,front_upstream
-0.001500000013038516,0.8110944628715515,524.46337890625,1.4211153984069824,0.0,1.4211153984069824,0.9171253689492326,front_upstream
-0.001500000013038516,0.8095952272415161,526.2096557617188,1.4119751453399658,0.0,1.4119751453399658,0.9201790708277113,front_upstream
-0.001500000013038516,0.8080959320068359,527.940185546875,1.4029242992401123,0.0,1.4029242992401123,0.9232052359166808,front_upstream
-0.001500000013038516,0.8065966963768005,529.6552124023438,1.3939613103866577,0.0,1.3939613103866577,0.9262042911431102,front_upstream
-0.001500000013038516,0.8050974607467651,531.35498046875,1.3850849866867065,0.0,1.3850849866867065,0.9291766634339687,front_upstream
-0.001500000013038516,0.8035982251167297,533.0396728515625,1.376293659210205,0.0,1.376293659210205,0.932122672984483,front_upstream
-0.001500000013038516,0.8020989298820496,534.7095336914062,1.3675862550735474,0.0,1.3675862550735474,0.9350427467216226,front_upstream
-0.001500000013038516,0.8005996942520142,536.3648071289062,1.3589613437652588,0.0,1.3589613437652588,0.9379373115723563,front_upstream
-0.001500000013038516,0.7991004586219788,538.0056762695312,1.3504174947738647,0.0,1.3504174947738647,0.940806687731911,front_upstream
-0.001500000013038516,0.7976012229919434,539.6323852539062,1.3419537544250488,0.0,1.3419537544250488,0.9436513021272559,front_upstream
-0.001500000013038516,0.7961019277572632,541.2450561523438,1.3335685729980469,0.0,1.3335685729980469,0.9464713682218756,front_upstream
-0.001500000013038516,0.7946026921272278,542.843994140625,1.3252609968185425,0.0,1.3252609968185425,0.9492674196744814,front_upstream
-0.001500000013038516,0.7931034564971924,544.4293212890625,1.3170298337936401,0.0,1.3170298337936401,0.9520396699485579,front_upstream
-0.001500000013038516,0.791604220867157,546.001220703125,1.3088737726211548,0.0,1.3088737726211548,0.9547884392393321,front_upstream
-0.001500000013038516,0.7901049256324768,547.5599975585938,1.30079185962677,0.0,1.30079185962677,0.9575142612055153,front_upstream
-0.001500000013038516,0.7886056900024414,549.1056518554688,1.2927827835083008,0.0,1.2927827835083008,0.9602171358471074,front_upstream
-0.001500000013038516,0.787106454372406,550.6384887695312,1.2848457098007202,0.0,1.2848457098007202,0.9628975968228201,front_upstream
-0.001500000013038516,0.7856072187423706,552.15869140625,1.2769793272018433,0.0,1.2769793272018433,0.9655559643278799,front_upstream
-0.001500000013038516,0.7841079235076904,553.6663208007812,1.2691829204559326,0.0,1.2691829204559326,0.9681923450940294,front_upstream
-0.001500000013038516,0.782608687877655,555.1616821289062,1.2614551782608032,0.0,1.2614551782608032,0.9708072727799798,front_upstream
-0.001500000013038516,0.7811094522476196,556.6448364257812,1.2537952661514282,0.0,1.2537952661514282,0.9734008541174735,front_upstream
-0.001500000013038516,0.7796102166175842,558.1160278320312,1.2462022304534912,0.0,1.2462022304534912,0.9759735160334796,front_upstream
-0.001500000013038516,0.778110921382904,559.5753173828125,1.2386749982833862,0.0,1.2386749982833862,0.9785253652597403,front_upstream
-0.001500000013038516,0.7766116857528687,561.02294921875,1.2312127351760864,0.0,1.2312127351760864,0.9810568287232249,front_upstream
-0.001500000013038516,0.7751124501228333,562.458984375,1.223814606666565,0.0,1.223814606666565,0.9835680131556755,front_upstream
-0.001500000013038516,0.7736132144927979,563.8836669921875,1.2164795398712158,0.0,1.2164795398712158,0.9860593454840614,front_upstream
-0.001500000013038516,0.7721139192581177,565.297119140625,1.2092068195343018,0.0,1.2092068195343018,0.9885310391718671,front_upstream
-0.001500000013038516,0.7706146836280823,566.699462890625,1.2019953727722168,0.0,1.2019953727722168,0.9909833076825773,front_upstream
-0.001500000013038516,0.7691154479980469,568.0908203125,1.1948446035385132,0.0,1.1948446035385132,0.9934163644796762,front_upstream
-0.001500000013038516,0.7676162123680115,569.4713745117188,1.1877535581588745,0.0,1.1877535581588745,0.995830529758391,front_upstream
-0.001500000013038516,0.7661169171333313,570.8412475585938,1.180721402168274,0.0,1.180721402168274,0.9982260169822061,front_upstream
-0.001500000013038516,0.7646176815032959,572.2005615234375,1.1737473011016846,0.0,1.1737473011016846,1.0006030396146062,front_upstream
-0.001500000013038516,0.7631184458732605,573.5494384765625,1.1668305397033691,0.0,1.1668305397033691,1.0029618111190757,front_upstream
-0.001500000013038516,0.7616192102432251,574.8880004882812,1.1599705219268799,0.0,1.1599705219268799,1.0053025449590993,front_upstream
-0.001500000013038516,0.7601199150085449,576.2164306640625,1.15316641330719,0.0,1.15316641330719,1.0076255613299039,front_upstream
-0.001500000013038516,0.7586206793785095,577.5347900390625,1.146417498588562,0.0,1.146417498588562,1.0099309669632317,front_upstream
-0.001500000013038516,0.7571214437484741,578.84326171875,1.1397230625152588,0.0,1.1397230625152588,1.0122190820543093,front_upstream
-0.001500000013038516,0.7556222081184387,580.141845703125,1.1330822706222534,0.0,1.1330822706222534,1.0144899066031372,front_upstream
-0.001500000013038516,0.7541229128837585,581.4307861328125,1.1264945268630981,0.0,1.1264945268630981,1.0167438675366842,front_upstream
-0.001500000013038516,0.7526236772537231,582.7101440429688,1.1199592351913452,0.0,1.1199592351913452,1.0189810715866925,front_upstream
-0.001500000013038516,0.7511244416236877,583.9800415039062,1.1134755611419678,0.0,1.1134755611419678,1.0212017322166471,front_upstream
-0.001500000013038516,0.7496252059936523,585.2406005859375,1.1070430278778076,0.0,1.1070430278778076,1.023406062890032,front_upstream
-0.001500000013038516,0.7481259107589722,586.4918823242188,1.100660800933838,0.0,1.100660800933838,1.02559417033859,front_upstream
-0.001500000013038516,0.7466266751289368,587.7340087890625,1.0943284034729004,0.0,1.0943284034729004,1.0277662680258055,front_upstream
-0.001500000013038516,0.7451274394989014,588.9671020507812,1.0880451202392578,0.0,1.0880451202392578,1.0299225694151628,front_upstream
-0.001500000013038516,0.743628203868866,590.1912841796875,1.0818102359771729,0.0,1.0818102359771729,1.0320632879701468,front_upstream
-0.001500000013038516,0.7421289086341858,591.4066772460938,1.0756232738494873,0.0,1.0756232738494873,1.034188637154242,front_upstream
-0.001500000013038516,0.7406296730041504,592.61328125,1.0694836378097534,0.0,1.0694836378097534,1.0362986169674482,front_upstream
-0.001500000013038516,0.739130437374115,593.811279296875,1.063390851020813,0.0,1.063390851020813,1.0383935476049924,front_upstream
-0.001500000013038516,0.7376312017440796,595.000732421875,1.0573441982269287,0.0,1.0573441982269287,1.040473535798617,front_upstream
-0.001500000013038516,0.7361319065093994,596.1817626953125,1.0513432025909424,0.0,1.0513432025909424,1.0425387950118064,front_upstream
-0.001500000013038516,0.734632670879364,597.3544311523438,1.0453871488571167,0.0,1.0453871488571167,1.044589431976303,front_upstream
-0.001500000013038516,0.7331334352493286,598.5188598632812,1.039475679397583,0.0,1.039475679397583,1.0466256601555912,front_upstream
-0.001500000013038516,0.7316341996192932,599.6751098632812,1.0336081981658936,0.0,1.0336081981658936,1.0486475862814135,front_upstream
-0.001500000013038516,0.730134904384613,600.8232421875,1.0277841091156006,0.0,1.0277841091156006,1.050655317085512,front_upstream
-0.001500000013038516,0.7286356687545776,601.9634399414062,1.022002935409546,0.0,1.022002935409546,1.0526491727631135,front_upstream
-0.001500000013038516,0.7271364331245422,603.0957641601562,1.0162642002105713,0.0,1.0162642002105713,1.0546292600459606,front_upstream
-0.001500000013038516,0.7256371974945068,604.22021484375,1.0105674266815186,0.0,1.0105674266815186,1.056595578934053,front_upstream
-0.001500000013038516,0.7241379022598267,605.3369750976562,1.00491201877594,0.0,1.00491201877594,1.0585484496226176,front_upstream
-0.001500000013038516,0.7226386666297913,606.446044921875,0.9992976784706116,0.0,0.9992976784706116,1.0604878721116546,front_upstream
-0.001500000013038516,0.7211394309997559,607.5475463867188,0.9937238097190857,0.0,0.9937238097190857,1.0624140598646483,front_upstream
-0.001500000013038516,0.7196401953697205,608.6416015625,0.9881899356842041,0.0,0.9881899356842041,1.0643272263450836,front_upstream
-0.001500000013038516,0.7181409001350403,609.7281494140625,0.9826956391334534,0.0,0.9826956391334534,1.0662272648212179,front_upstream
-0.001500000013038516,0.7166416645050049,610.8074340820312,0.9772404432296753,0.0,0.9772404432296753,1.0681146022200203,front_upstream
-0.001500000013038516,0.7151424288749695,611.8794555664062,0.9718238115310669,0.0,0.9718238115310669,1.069989238541491,front_upstream
-0.001500000013038516,0.7136431932449341,612.9442138671875,0.9664455056190491,0.0,0.9664455056190491,1.07185117378563,front_upstream
-0.001500000013038516,0.7121439576148987,614.001953125,0.9611050486564636,0.0,0.9611050486564636,1.0737008348794064,front_upstream
-0.001500000013038516,0.7106446623802185,615.0525512695312,0.9558019638061523,0.0,0.9558019638061523,1.0755380083593356,front_upstream
-0.001500000013038516,0.7091454267501831,616.0962524414062,0.9505358338356018,0.0,0.9505358338356018,1.0773631211523866,front_upstream
-0.001500000013038516,0.7076461911201477,617.1329956054688,0.9453063011169434,0.0,0.9453063011169434,1.0791760665268173,front_upstream
-0.001500000013038516,0.7061469554901123,618.1629638671875,0.9401128888130188,0.0,0.9401128888130188,1.0809771646778548,front_upstream
-0.001500000013038516,0.7046476602554321,619.1860961914062,0.9349552392959595,0.0,0.9349552392959595,1.0827663088737562,front_upstream
-0.001500000013038516,0.7031484246253967,620.2025756835938,0.929832935333252,0.0,0.929832935333252,1.0845438193097487,front_upstream
-0.001500000013038516,0.7016491889953613,621.21240234375,0.9247456192970276,0.0,0.9247456192970276,1.0863096959858325,front_upstream
-0.001500000013038516,0.7001499533653259,622.2156982421875,0.919692873954773,0.0,0.919692873954773,1.0880641523654917,front_upstream
-0.001500000013038516,0.6986506581306458,623.2124633789062,0.9146744012832642,0.0,0.9146744012832642,1.0898071884487266,front_upstream
-0.001500000013038516,0.6971514225006104,624.2027587890625,0.909689724445343,0.0,0.909689724445343,1.0915389109672795,front_upstream
-0.001500000013038516,0.695652186870575,625.1867065429688,0.9047385454177856,0.0,0.9047385454177856,1.0932595333846349,front_upstream
-0.001500000013038516,0.6941529512405396,626.1643676757812,0.8998205065727234,0.0,0.8998205065727234,1.094969162432535,front_upstream
-0.001500000013038516,0.6926536560058594,627.1356811523438,0.8949351906776428,0.0,0.8949351906776428,1.0966676913792377,front_upstream
-0.001500000013038516,0.691154420375824,628.1008911132812,0.8900823593139648,0.0,0.8900823593139648,1.098355547151712,front_upstream
-0.001500000013038516,0.6896551847457886,629.0598754882812,0.885261595249176,0.0,0.885261595249176,1.1000325162864732,front_upstream
-0.001500000013038516,0.6881559491157532,630.0128173828125,0.8804725408554077,0.0,0.8804725408554077,1.1016989189787485,front_upstream
-0.001500000013038516,0.686656653881073,630.959716796875,0.8757147192955017,0.0,0.8757147192955017,1.1033547552285377,front_upstream
-0.001500000013038516,0.6851574182510376,631.9006958007812,0.870988130569458,0.0,0.870988130569458,1.1050002384993254,front_upstream
-0.001500000013038516,0.6836581826210022,632.835693359375,0.866292417049408,0.0,0.866292417049408,1.1066352620593694,front_upstream
-0.001500000013038516,0.6821589469909668,633.764892578125,0.8616271018981934,0.0,0.8616271018981934,1.1082601461038961,front_upstream
-0.001500000013038516,0.6806596517562866,634.688232421875,0.8569920063018799,0.0,0.8569920063018799,1.1098747839011638,front_upstream
-0.001500000013038516,0.6791604161262512,635.6058349609375,0.8523867130279541,0.0,0.8523867130279541,1.1114793889146568,front_upstream
-0.001500000013038516,0.6776611804962158,636.5177612304688,0.8478109836578369,0.0,0.8478109836578369,1.1130740678761175,front_upstream
-0.001500000013038516,0.6761619448661804,637.4240112304688,0.8432643413543701,0.0,0.8432643413543701,1.1146588207855457,front_upstream
-0.001500000013038516,0.6746626496315002,638.3246459960938,0.8387467265129089,0.0,0.8387467265129089,1.1162337543746839,front_upstream
-0.001500000013038516,0.6731634140014648,639.2197875976562,0.8342578411102295,0.0,0.8342578411102295,1.1177990821070165,front_upstream
-0.001500000013038516,0.6716641783714294,640.109375,0.8297972679138184,0.0,0.8297972679138184,1.1193546972508013,front_upstream
-0.001500000013038516,0.670164942741394,640.9935302734375,0.8253648281097412,0.0,0.8253648281097412,1.1209008132695226,front_upstream
-0.001500000013038516,0.6686656475067139,641.8722534179688,0.8209601044654846,0.0,0.8209601044654846,1.122437430163181,front_upstream
-0.001500000013038516,0.6671664118766785,642.7456665039062,0.8165828585624695,0.0,0.8165828585624695,1.1239647613952606,front_upstream
-0.001500000013038516,0.6656671762466431,643.61376953125,0.8122329115867615,0.0,0.8122329115867615,1.1254828069657616,front_upstream
-0.001500000013038516,0.6641679406166077,644.4766235351562,0.8079100251197815,0.0,0.8079100251197815,1.126991673606426,front_upstream
-0.001500000013038516,0.6626686453819275,645.334228515625,0.8036138415336609,0.0,0.8036138415336609,1.1284913613172542,front_upstream
-0.001500000013038516,0.6611694097518921,646.1866455078125,0.7993441224098206,0.0,0.7993441224098206,1.1299819768299881,front_upstream
-0.001500000013038516,0.6596701741218567,647.0339965820312,0.7951005697250366,0.0,0.7951005697250366,1.1314637336081128,front_upstream
-0.001500000013038516,0.6581709384918213,647.876220703125,0.79088294506073,0.0,0.79088294506073,1.1329365249198853,front_upstream
-0.001500000013038516,0.6566716432571411,648.7134399414062,0.7866910696029663,0.0,0.7866910696029663,1.1344005642287907,front_upstream
-0.001500000013038516,0.6551724076271057,649.5455932617188,0.782524585723877,0.0,0.782524585723877,1.1358557448030866,front_upstream
-0.001500000013038516,0.6536731719970703,650.3728637695312,0.7783832550048828,0.0,0.7783832550048828,1.1373023868379997,front_upstream
-0.001500000013038516,0.6521739363670349,651.1951904296875,0.7742668986320496,0.0,0.7742668986320496,1.138740383601788,front_upstream
-0.001500000013038516,0.6506746411323547,652.0126342773438,0.7701752781867981,0.0,0.7701752781867981,1.1401698418261934,front_upstream
-0.001500000013038516,0.6491754055023193,652.8253173828125,0.7661080360412598,0.0,0.7661080360412598,1.1415909749747006,front_upstream
-0.001500000013038516,0.6476761698722839,653.6331176757812,0.7620651125907898,0.0,0.7620651125907898,1.1430035695838252,front_upstream
-0.001500000013038516,0.6461769342422485,654.4362182617188,0.7580462098121643,0.0,0.7580462098121643,1.1444079458487941,front_upstream
-0.001500000013038516,0.6446776390075684,655.234619140625,0.7540510892868042,0.0,0.7540510892868042,1.145804103769607,front_upstream
-0.001500000013038516,0.643178403377533,656.0283203125,0.7500795722007751,0.0,0.7500795722007751,1.1471920433462641,front_upstream
-0.001500000013038516,0.6416791677474976,656.8173828125,0.746131420135498,0.0,0.746131420135498,1.1485718713105078,front_upstream
-0.001500000013038516,0.6401799321174622,657.6018676757812,0.7422063946723938,0.0,0.7422063946723938,1.14994369439408,front_upstream
-0.001500000013038516,0.638680636882782,658.3817749023438,0.7383043169975281,0.0,0.7383043169975281,1.151307512596981,front_upstream
-0.001500000013038516,0.6371814012527466,659.1571655273438,0.734424889087677,0.0,0.734424889087677,1.152663432650953,front_upstream
-0.001500000013038516,0.6356821656227112,659.9280395507812,0.730567991733551,0.0,0.730567991733551,1.154011454555996,front_upstream
-0.001500000013038516,0.6341829299926758,660.6944580078125,0.726733386516571,0.0,0.726733386516571,1.1553516850438523,front_upstream
-0.001500000013038516,0.6326836347579956,661.45654296875,0.7229208946228027,0.0,0.7229208946228027,1.1566843375780065,front_upstream
-0.001500000013038516,0.6311843991279602,662.2141723632812,0.719130277633667,0.0,0.719130277633667,1.1580091986949739,front_upstream
-0.001500000013038516,0.6296851634979248,662.9674682617188,0.7153614163398743,0.0,0.7153614163398743,1.1593264818582392,front_upstream
-0.001500000013038516,0.6281859278678894,663.7164306640625,0.7116140127182007,0.0,0.7116140127182007,1.1606361870678024,front_upstream
-0.001500000013038516,0.6266866326332092,664.4611206054688,0.7078879475593567,0.0,0.7078879475593567,1.1619384210554056,front_upstream
-0.001500000013038516,0.6251873970031738,665.2015991210938,0.7041829824447632,0.0,0.7041829824447632,1.1632332905527913,front_upstream
-0.001500000013038516,0.6236881613731384,665.9378662109375,0.7004989981651306,0.0,0.7004989981651306,1.1645207955599595,front_upstream
-0.001500000013038516,0.622188925743103,666.669921875,0.6968357563018799,0.0,0.6968357563018799,1.1658009360769102,front_upstream
-0.001500000013038516,0.6206896305084229,667.3978271484375,0.6931930780410767,0.0,0.6931930780410767,1.1670738188353855,front_upstream
-0.001500000013038516,0.6191903948783875,668.12158203125,0.6895707845687866,0.0,0.6895707845687866,1.1683394438353853,front_upstream
-0.001500000013038516,0.617691159248352,668.84130859375,0.6859686970710754,0.0,0.6859686970710754,1.1695980245403947,front_upstream
-0.001500000013038516,0.6161919236183167,669.5569458007812,0.682386577129364,0.0,0.682386577129364,1.170849454218671,front_upstream
-0.001500000013038516,0.6146926283836365,670.2685546875,0.6788243651390076,0.0,0.6788243651390076,1.1720938396019565,front_upstream
-0.001500000013038516,0.6131933927536011,670.9761352539062,0.6752818822860718,0.0,0.6752818822860718,1.1733311806902513,front_upstream
-0.001500000013038516,0.6116941571235657,671.6798095703125,0.6717590093612671,0.0,0.6717590093612671,1.17456169094704,front_upstream
-0.001500000013038516,0.6101949214935303,672.3795166015625,0.668255627155304,0.0,0.668255627155304,1.1757852636405803,front_upstream
-0.001500000013038516,0.6086956262588501,673.0753173828125,0.6647714376449585,0.0,0.6647714376449585,1.1770020055026142,front_upstream
-0.001500000013038516,0.6071963906288147,673.7672119140625,0.6613063216209412,0.0,0.6613063216209412,1.1782119165331422,front_upstream
-0.001500000013038516,0.6056971549987793,674.455322265625,0.6578601002693176,0.0,0.6578601002693176,1.1794152101956485,front_upstream
-0.001500000013038516,0.6041979193687439,675.1395263671875,0.6544325947761536,0.0,0.6544325947761536,1.1806116730266487,front_upstream
-0.001500000013038516,0.6026986241340637,675.8200073242188,0.6510236859321594,0.0,0.6510236859321594,1.1818016252213697,front_upstream
-0.001500000013038516,0.6011993885040283,676.4967041015625,0.6476331353187561,0.0,0.6476331353187561,1.1829849600480689,front_upstream
-0.001500000013038516,0.5997001528739929,677.1696166992188,0.6442609429359436,0.0,0.6442609429359436,1.1841616775067465,front_upstream
-0.001500000013038516,0.5982009172439575,677.8388671875,0.6409069895744324,0.0,0.6409069895744324,1.1853319910608873,front_upstream
-0.001500000013038516,0.5967016220092773,678.50439453125,0.6375709772109985,0.0,0.6375709772109985,1.1864957939787486,front_upstream
-0.001500000013038516,0.5952023863792419,679.166259765625,0.6342528462409973,0.0,0.6342528462409973,1.1876531929920728,front_upstream
-0.001500000013038516,0.5937031507492065,679.8245239257812,0.6309523582458496,0.0,0.6309523582458496,1.1888042948326025,front_upstream
-0.001500000013038516,0.5922039151191711,680.4791870117188,0.6276694536209106,0.0,0.6276694536209106,1.1899490995003374,front_upstream
-0.001500000013038516,0.590704619884491,681.1302490234375,0.6244038939476013,0.0,0.6244038939476013,1.1910876069952776,front_upstream
-0.001500000013038516,0.5892053842544556,681.7777099609375,0.6211555600166321,0.0,0.6211555600166321,1.192219817317423,front_upstream
-0.001500000013038516,0.5877061486244202,682.4216918945312,0.6179243922233582,0.0,0.6179243922233582,1.193345943930258,front_upstream
-0.001500000013038516,0.5862069129943848,683.0621337890625,0.6147100329399109,0.0,0.6147100329399109,1.194465880102041,front_upstream
-0.001500000013038516,0.5847076177597046,683.6990966796875,0.6115126013755798,0.0,0.6115126013755798,1.1955797325645134,front_upstream
-0.001500000013038516,0.5832083821296692,684.3326416015625,0.6083319187164307,0.0,0.6083319187164307,1.1966876080494182,front_upstream
-0.001500000013038516,0.5817091464996338,684.9627075195312,0.6051677465438843,0.0,0.6051677465438843,1.1977893998250126,front_upstream
-0.001500000013038516,0.5802099108695984,685.5894165039062,0.6020200252532959,0.0,0.6020200252532959,1.1988853213547817,front_upstream
-0.001500000013038516,0.5787106156349182,686.212646484375,0.5988885164260864,0.0,0.5988885164260864,1.1999751591752403,front_upstream
-0.001500000013038516,0.5772113800048828,686.8325805664062,0.5957731604576111,0.0,0.5957731604576111,1.201059233481616,front_upstream
-0.001500000013038516,0.5757121443748474,687.4491577148438,0.5926739573478699,0.0,0.5926739573478699,1.2021374375421656,front_upstream
-0.001500000013038516,0.574212908744812,688.0624389648438,0.5895906090736389,0.0,0.5895906090736389,1.2032098780886322,front_upstream
-0.001500000013038516,0.5727136135101318,688.6724243164062,0.5865231156349182,0.0,0.5865231156349182,1.2042765551210155,front_upstream
-0.001500000013038516,0.5712143778800964,689.2791137695312,0.5834712386131287,0.0,0.5834712386131287,1.2053374686393152,front_upstream
-0.001500000013038516,0.569715142250061,689.882568359375,0.5804349184036255,0.0,0.5804349184036255,1.2063927253752742,front_upstream
-0.001500000013038516,0.5682159066200256,690.4827270507812,0.5774140357971191,0.0,0.5774140357971191,1.2074422185971496,front_upstream
-0.001500000013038516,0.5667166709899902,691.0797729492188,0.5744084715843201,0.0,0.5744084715843201,1.2084862685001687,front_upstream
-0.001500000013038516,0.5652173757553101,691.673583984375,0.571418046951294,0.0,0.571418046951294,1.2095246616208468,front_upstream
-0.001500000013038516,0.5637181401252747,692.2642211914062,0.5684427618980408,0.0,0.5684427618980408,1.210557504690926,front_upstream
-0.001500000013038516,0.5622189044952393,692.8516845703125,0.5654824376106262,0.0,0.5654824376106262,1.2115847977104066,front_upstream
-0.001500000013038516,0.5607196688652039,693.43603515625,0.5625369548797607,0.0,0.5625369548797607,1.2126066474110306,front_upstream
-0.001500000013038516,0.5592203736305237,694.017333984375,0.5596061944961548,0.0,0.5596061944961548,1.2136231605245404,front_upstream
-0.001500000013038516,0.5577211380004883,694.595458984375,0.5566900968551636,0.0,0.5566900968551636,1.2146341235874516,front_upstream
-0.001500000013038516,0.5562219023704529,695.1705932617188,0.5537886619567871,0.0,0.5537886619567871,1.2156398567949909,front_upstream
-0.001500000013038516,0.5547226667404175,695.7426147460938,0.5509016513824463,0.0,0.5509016513824463,1.2166401466836736,front_upstream
-0.001500000013038516,0.5532233715057373,696.3116455078125,0.5480290055274963,0.0,0.5480290055274963,1.2176352067169844,front_upstream
-0.001500000013038516,0.5517241358757019,696.8776245117188,0.5451705455780029,0.0,0.5451705455780029,1.218624930163181,front_upstream
-0.001500000013038516,0.5502249002456665,697.440673828125,0.5423261523246765,0.0,0.5423261523246765,1.2196095304857482,front_upstream
-0.001500000013038516,0.5487256646156311,698.000732421875,0.5394958853721619,0.0,0.5394958853721619,1.2205889009529431,front_upstream
-0.001500000013038516,0.5472263693809509,698.5578002929688,0.5366795659065247,0.0,0.5366795659065247,1.2215630415647665,front_upstream
-0.001500000013038516,0.5457271337509155,699.1119384765625,0.5338770151138306,0.0,0.5338770151138306,1.22253205905296,front_upstream
-0.001500000013038516,0.5442278981208801,699.6632080078125,0.5310882925987244,0.0,0.5310882925987244,1.2234960601492664,front_upstream
-0.001500000013038516,0.5427286624908447,700.2115478515625,0.528313159942627,0.0,0.528313159942627,1.224454938121943,front_upstream
-0.001500000013038516,0.5412293672561646,700.7570190429688,0.5255514979362488,0.0,0.5255514979362488,1.2254087997027323,front_upstream
-0.001500000013038516,0.5397301316261292,701.2996215820312,0.5228033065795898,0.0,0.5228033065795898,1.2263576448916345,front_upstream
-0.001500000013038516,0.5382308959960938,701.83935546875,0.5200684070587158,0.0,0.5200684070587158,1.2273014736886492,front_upstream
-0.001500000013038516,0.5367316603660583,702.3762817382812,0.5173467397689819,0.0,0.5173467397689819,1.2282403928255188,front_upstream
-0.001500000013038516,0.5352323651313782,702.910400390625,0.5146382451057434,0.0,0.5146382451057434,1.2291744023022433,front_upstream
-0.001500000013038516,0.5337331295013428,703.4417114257812,0.5119427442550659,0.0,0.5119427442550659,1.2301035021188227,front_upstream
-0.001500000013038516,0.5322338938713074,703.9702758789062,0.5092602372169495,0.0,0.5092602372169495,1.2310277990069995,front_upstream
-0.001500000013038516,0.530734658241272,704.4960327148438,0.5065904855728149,0.0,0.5065904855728149,1.2319471862350313,front_upstream
-0.001500000013038516,0.5292353630065918,705.0191040039062,0.5039334893226624,0.0,0.5039334893226624,1.2328618772664024,front_upstream
-0.001500000013038516,0.5277361273765564,705.5393676757812,0.5012891888618469,0.0,0.5012891888618469,1.2337716586376286,front_upstream
-0.001500000013038516,0.526236891746521,706.0570068359375,0.4986574947834015,0.0,0.4986574947834015,1.2346768505439367,front_upstream
-0.001500000013038516,0.5247376561164856,706.5718994140625,0.4960383176803589,0.0,0.4960383176803589,1.2355772395218418,front_upstream
-0.001500000013038516,0.5232383608818054,707.0841064453125,0.49343153834342957,0.0,0.49343153834342957,1.2364729323030865,front_upstream
-0.001500000013038516,0.52173912525177,707.5936889648438,0.490837037563324,0.0,0.490837037563324,1.237364035619413,front_upstream
-0.001500000013038516,0.5202398896217346,708.1005859375,0.4882548153400421,0.0,0.4882548153400421,1.2382504427390792,front_upstream
-0.001500000013038516,0.5187406539916992,708.6048583984375,0.4856848120689392,0.0,0.4856848120689392,1.239132260393827,front_upstream
-0.001500000013038516,0.517241358757019,709.1065063476562,0.4831269085407257,0.0,0.4831269085407257,1.2400094885836566,front_upstream
-0.001500000013038516,0.5157421231269836,709.6055297851562,0.48058098554611206,0.0,0.48058098554611206,1.2408821273085682,front_upstream
-0.001500000013038516,0.5142428874969482,710.1019897460938,0.4780469834804535,0.0,0.4780469834804535,1.2417502833003036,front_upstream
-0.001500000013038516,0.5127436518669128,710.5958862304688,0.47552481293678284,0.0,0.47552481293678284,1.2426139565588632,front_upstream
-0.001500000013038516,0.5112443566322327,711.0872192382812,0.47301438450813293,0.0,0.47301438450813293,1.243473147084247,front_upstream
-0.001500000013038516,0.5097451210021973,711.5759887695312,0.4705156087875366,0.0,0.4705156087875366,1.2443278548764547,front_upstream
-0.001500000013038516,0.5082458853721619,712.062255859375,0.4680284559726715,0.0,0.4680284559726715,1.245178186667229,front_upstream
-0.001500000013038516,0.5067466497421265,712.5460205078125,0.46555277705192566,0.0,0.46555277705192566,1.2460241424565695,front_upstream
-0.001500000013038516,0.5052473545074463,713.0272216796875,0.4630885124206543,0.0,0.4630885124206543,1.246865615512734,front_upstream
-0.001500000013038516,0.5037481188774109,713.5059814453125,0.46063554286956787,0.0,0.46063554286956787,1.2477028192992072,front_upstream
-0.001500000013038516,0.5022488832473755,713.9822387695312,0.4581937789916992,0.0,0.4581937789916992,1.248535647084247,front_upstream
-0.001500000013038516,0.5007496476173401,714.4560546875,0.4557632505893707,0.0,0.4557632505893707,1.2493642055995953,front_upstream
-0.001500000013038516,0.4992503821849823,714.9274291992188,0.45334392786026,0.0,0.45334392786026,1.2501884948452522,front_upstream
-0.001500000013038516,0.4977511167526245,715.3963623046875,0.45093557238578796,0.0,0.45093557238578796,1.2510085148212178,front_upstream
-0.001500000013038516,0.4962518811225891,715.8628540039062,0.4485381841659546,0.0,0.4485381841659546,1.251824265527492,front_upstream
-0.001500000013038516,0.4947526156902313,716.3269653320312,0.4461516737937927,0.0,0.4461516737937927,1.2526358536958173,front_upstream
-0.001500000013038516,0.4932533800601959,716.7886962890625,0.44377589225769043,0.0,0.44377589225769043,1.2534432793261934,front_upstream
-0.001500000013038516,0.49175411462783813,717.248046875,0.44141075015068054,0.0,0.44141075015068054,1.2542465424186204,front_upstream
-0.001500000013038516,0.49025487899780273,717.7050170898438,0.43905627727508545,0.0,0.43905627727508545,1.2550456429730983,front_upstream
-0.001500000013038516,0.48875561356544495,718.1596069335938,0.43671244382858276,0.0,0.43671244382858276,1.2558405809896274,front_upstream
-0.001500000013038516,0.48725637793540955,718.6118774414062,0.4343790113925934,0.0,0.4343790113925934,1.2566314631999496,front_upstream
-0.001500000013038516,0.48575711250305176,719.0618286132812,0.4320560097694397,0.0,0.4320560097694397,1.2574182896040649,front_upstream
-0.001500000013038516,0.48425787687301636,719.5094604492188,0.42974328994750977,0.0,0.42974328994750977,1.2582010602019733,front_upstream
-0.001500000013038516,0.48275861144065857,719.9547729492188,0.42744073271751404,0.0,0.42744073271751404,1.2589797749936753,front_upstream
-0.001500000013038516,0.48125937581062317,720.3978271484375,0.4251483976840973,0.0,0.4251483976840973,1.2597545407109125,front_upstream
-0.001500000013038516,0.4797601103782654,720.838623046875,0.42286619544029236,0.0,0.42286619544029236,1.2605253573536854,front_upstream
-0.001500000013038516,0.47826087474823,721.277099609375,0.4205940067768097,0.0,0.4205940067768097,1.2612921181902514,front_upstream
-0.001500000013038516,0.4767616093158722,721.7133178710938,0.4183317720890045,0.0,0.4183317720890045,1.262054929952353,front_upstream
-0.001500000013038516,0.4752623736858368,722.1473388671875,0.41607940196990967,0.0,0.41607940196990967,1.2628138993717322,front_upstream
-0.001500000013038516,0.473763108253479,722.5791015625,0.413836807012558,0.0,0.413836807012558,1.263568919716647,front_upstream
-0.001500000013038516,0.4722638726234436,723.0086059570312,0.4116039574146271,0.0,0.4116039574146271,1.2643199909870975,front_upstream
-0.001500000013038516,0.4707646071910858,723.4359741210938,0.409380704164505,0.0,0.409380704164505,1.2650673266465677,front_upstream
-0.001500000013038516,0.4692653715610504,723.861083984375,0.4071670472621918,0.0,0.4071670472621918,1.2658107132315737,front_upstream
-0.001500000013038516,0.4677661061286926,724.2840576171875,0.4049628674983978,0.0,0.4049628674983978,1.2665503642055997,front_upstream
-0.001500000013038516,0.4662668704986572,724.704833984375,0.402768075466156,0.0,0.402768075466156,1.2672861728369034,front_upstream
-0.001500000013038516,0.46476760506629944,725.1234130859375,0.4005826413631439,0.0,0.4005826413631439,1.268018139125485,front_upstream
-0.001500000013038516,0.46326836943626404,725.5399169921875,0.3984065353870392,0.0,0.3984065353870392,1.2687464765348289,front_upstream
-0.001500000013038516,0.46176910400390625,725.9542236328125,0.39623960852622986,0.0,0.39623960852622986,1.2694709716014505,front_upstream
-0.001500000013038516,0.46026986837387085,726.3663940429688,0.39408186078071594,0.0,0.39408186078071594,1.2701917310570923,front_upstream
-0.001500000013038516,0.45877060294151306,726.7764282226562,0.3919331133365631,0.0,0.3919331133365631,1.2709087549017541,front_upstream
-0.001500000013038516,0.45727136731147766,727.1843872070312,0.38979339599609375,0.0,0.38979339599609375,1.2716221498671783,front_upstream
-0.001500000013038516,0.4557721018791199,727.5902099609375,0.38766270875930786,0.0,0.38766270875930786,1.2723318092216225,front_upstream
-0.001500000013038516,0.4542728662490845,727.9939575195312,0.3855408728122711,0.0,0.3855408728122711,1.2730378396968292,front_upstream
-0.001500000013038516,0.4527736008167267,728.3956298828125,0.3834278881549835,0.0,0.3834278881549835,1.273740241292798,front_upstream
-0.001500000013038516,0.4512743651866913,728.7952270507812,0.3813236653804779,0.0,0.3813236653804779,1.2744390140095294,front_upstream
-0.001500000013038516,0.4497750997543335,729.1927490234375,0.3792281150817871,0.0,0.3792281150817871,1.2751341578470232,front_upstream
-0.001500000013038516,0.4482758641242981,729.5882568359375,0.37714120745658875,0.0,0.37714120745658875,1.2758257795370214,front_upstream
-0.001500000013038516,0.4467765986919403,729.981689453125,0.37506282329559326,0.0,0.37506282329559326,1.2765137723477822,front_upstream
-0.001500000013038516,0.4452773630619049,730.3731079101562,0.3729928433895111,0.0,0.3729928433895111,1.2771982430110473,front_upstream
-0.001500000013038516,0.4437780976295471,730.762451171875,0.37093135714530945,0.0,0.37093135714530945,1.2778790847950752,front_upstream
-0.001500000013038516,0.4422788619995117,731.1498413085938,0.3688783049583435,0.0,0.3688783049583435,1.2785565111633497,front_upstream
-0.001500000013038516,0.44077959656715393,731.5352172851562,0.36683350801467896,0.0,0.36683350801467896,1.279230415384129,front_upstream
-0.001500000013038516,0.43928036093711853,731.9185791015625,0.36479687690734863,0.0,0.36479687690734863,1.2799007974574128,front_upstream
-0.001500000013038516,0.43778109550476074,732.2999267578125,0.3627685606479645,0.0,0.3627685606479645,1.2805676573832012,front_upstream
-0.001500000013038516,0.43628185987472534,732.6793823242188,0.3607484698295593,0.0,0.3607484698295593,1.2812312086249789,front_upstream
-0.001500000013038516,0.43478259444236755,733.0568237304688,0.35873642563819885,0.0,0.35873642563819885,1.2818912377192613,front_upstream
-0.001500000013038516,0.43328335881233215,733.4323120117188,0.35673242807388306,0.0,0.35673242807388306,1.2825478513977906,front_upstream
-0.001500000013038516,0.43178409337997437,733.8057861328125,0.3547363877296448,0.0,0.3547363877296448,1.2832009429288245,front_upstream
-0.001500000013038516,0.43028485774993896,734.1774291992188,0.3527481257915497,0.0,0.3527481257915497,1.28385083250759,front_upstream
-0.001500000013038516,0.4287855923175812,734.5470581054688,0.3507678508758545,0.0,0.3507678508758545,1.28449719993886,front_upstream
-0.001500000013038516,0.4272863566875458,734.914794921875,0.3487955331802368,0.0,0.3487955331802368,1.2851402586861191,front_upstream
-0.001500000013038516,0.4257871210575104,735.2806396484375,0.3468308746814728,0.0,0.3468308746814728,1.2857800087493676,front_upstream
-0.001500000013038516,0.4242878556251526,735.64453125,0.3448740243911743,0.0,0.3448740243911743,1.286416343396863,front_upstream
-0.001500000013038516,0.4227886199951172,736.0065307617188,0.34292495250701904,0.0,0.34292495250701904,1.2870493693603475,front_upstream
-0.001500000013038516,0.4212893545627594,736.36669921875,0.3409835696220398,0.0,0.3409835696220398,1.2876791933715634,front_upstream
-0.001500000013038516,0.419790118932724,736.7249145507812,0.33904993534088135,0.0,0.33904993534088135,1.2883056019670265,front_upstream
-0.001500000013038516,0.4182908535003662,737.081298828125,0.33712390065193176,0.0,0.33712390065193176,1.288928808610221,front_upstream
-0.001500000013038516,0.4167916178703308,737.4358520507812,0.3352054953575134,0.0,0.3352054953575134,1.289548813301147,front_upstream
-0.001500000013038516,0.415292352437973,737.7885131835938,0.3332946300506592,0.0,0.3332946300506592,1.2901655093080622,front_upstream
-0.001500000013038516,0.4137931168079376,738.1393432617188,0.3313913345336914,0.0,0.3313913345336914,1.2907790033627087,front_upstream
-0.001500000013038516,0.41229385137557983,738.48828125,0.32949554920196533,0.0,0.32949554920196533,1.2913891887333446,front_upstream
-0.001500000013038516,0.41079461574554443,738.83544921875,0.32760727405548096,0.0,0.32760727405548096,1.2919962788834543,front_upstream
-0.001500000013038516,0.40929535031318665,739.1807861328125,0.3257265090942383,0.0,0.3257265090942383,1.2926001670812954,front_upstream
-0.001500000013038516,0.40779611468315125,739.5242919921875,0.32385316491127014,0.0,0.32385316491127014,1.293200853326868,front_upstream
-0.001500000013038516,0.40629684925079346,739.8660278320312,0.3219873011112213,0.0,0.3219873011112213,1.2937984443519144,front_upstream
-0.001500000013038516,0.40479761362075806,740.2059326171875,0.3201288878917694,0.0,0.3201288878917694,1.2943928334246921,front_upstream
-0.001500000013038516,0.40329834818840027,740.5440063476562,0.31827786564826965,0.0,0.31827786564826965,1.2949840205452017,front_upstream
-0.001500000013038516,0.40179911255836487,740.88037109375,0.31643417477607727,0.0,0.31643417477607727,1.295572219176927,front_upstream
-0.001500000013038516,0.4002998471260071,741.2149047851562,0.3145977854728699,0.0,0.3145977854728699,1.2961572158563839,front_upstream
-0.001500000013038516,0.3988006114959717,741.5477294921875,0.3127686679363251,0.0,0.3127686679363251,1.296739224047057,front_upstream
-0.001500000013038516,0.3973013460636139,741.8787231445312,0.3109467625617981,0.0,0.3109467625617981,1.2973180302854614,front_upstream
-0.001500000013038516,0.3958021104335785,742.2080078125,0.30913200974464417,0.0,0.30913200974464417,1.297893848035082,front_upstream
-0.001500000013038516,0.3943028450012207,742.5355224609375,0.30732443928718567,0.0,0.30732443928718567,1.298466570564176,front_upstream
-0.001500000013038516,0.3928036093711853,742.8612670898438,0.30552396178245544,0.0,0.30552396178245544,1.2990361978727443,front_upstream
-0.001500000013038516,0.3913043439388275,743.1853637695312,0.3037305474281311,0.0,0.3037305474281311,1.2996029434242706,front_upstream
-0.001500000013038516,0.3898051083087921,743.5076904296875,0.30194413661956787,0.0,0.30194413661956787,1.3001665937552707,front_upstream
-0.001500000013038516,0.3883058428764343,743.8282470703125,0.3001647889614105,0.0,0.3001647889614105,1.3007271488657446,front_upstream
-0.001500000013038516,0.3868066072463989,744.1471557617188,0.29839250445365906,0.0,0.29839250445365906,1.301284822219177,front_upstream
-0.001500000013038516,0.38530734181404114,744.46435546875,0.29662713408470154,0.0,0.29662713408470154,1.3018395070838253,front_upstream
-0.001500000013038516,0.38380810618400574,744.77978515625,0.2948687672615051,0.0,0.2948687672615051,1.3023910967279475,front_upstream
-0.001500000013038516,0.38230884075164795,745.0936279296875,0.2931172847747803,0.0,0.2931172847747803,1.3029399113467701,front_upstream
-0.001500000013038516,0.38080960512161255,745.4057006835938,0.29137274622917175,0.0,0.29137274622917175,1.3034856307450666,front_upstream
-0.001500000013038516,0.37931033968925476,745.7161254882812,0.2896350920200348,0.0,0.2896350920200348,1.3040284683863215,front_upstream
-0.001500000013038516,0.37781110405921936,746.02490234375,0.287904292345047,0.0,0.287904292345047,1.3045684242705347,front_upstream
-0.001500000013038516,0.3763118386268616,746.3319702148438,0.28618037700653076,0.0,0.28618037700653076,1.305105391665964,front_upstream
-0.001500000013038516,0.37481260299682617,746.637451171875,0.2844633460044861,0.0,0.2844633460044861,1.305639584036094,front_upstream
-0.001500000013038516,0.3733133375644684,746.9412231445312,0.2827531397342682,0.0,0.2827531397342682,1.3061707879174398,front_upstream
-0.001500000013038516,0.371814101934433,747.2433471679688,0.28104978799819946,0.0,0.28104978799819946,1.306699110041744,front_upstream
-0.001500000013038516,0.3703148365020752,747.5438232421875,0.2793533504009247,0.0,0.2793533504009247,1.3072245504090065,front_upstream
-0.001500000013038516,0.3688156008720398,747.8426513671875,0.27766382694244385,0.0,0.27766382694244385,1.3077471090192276,front_upstream
-0.001500000013038516,0.367316335439682,748.139892578125,0.27598121762275696,0.0,0.27598121762275696,1.3082668926041492,front_upstream
-0.001500000013038516,0.3658170998096466,748.4354858398438,0.27430593967437744,0.0,0.27430593967437744,1.308783794432029,front_upstream
-0.001500000013038516,0.3643178343772888,748.7294311523438,0.2726382613182068,0.0,0.2726382613182068,1.3092978145028673,front_upstream
-0.001500000013038516,0.3628185987472534,749.021728515625,0.2709783911705017,0.0,0.2709783911705017,1.3098089528166639,front_upstream
-0.001500000013038516,0.36131933331489563,749.3123779296875,0.2693280875682831,0.0,0.2693280875682831,1.3103172093734188,front_upstream
-0.001500000013038516,0.35982009768486023,749.60107421875,0.267689049243927,0.0,0.267689049243927,1.3108220505144208,front_upstream
-0.001500000013038516,0.35832083225250244,749.8887939453125,0.26605260372161865,0.0,0.26605260372161865,1.311325183947546,front_upstream
-0.001500000013038516,0.35682159662246704,750.1753540039062,0.2644074261188507,0.0,0.2644074261188507,1.3118262894775679,front_upstream
-0.001500000013038516,0.35532233119010925,750.4599609375,0.2627692222595215,0.0,0.2627692222595215,1.3123239795918369,front_upstream
-0.001500000013038516,0.35382309556007385,750.742919921875,0.26114585995674133,0.0,0.26114585995674133,1.312818787949064,front_upstream
-0.001500000013038516,0.35232383012771606,751.0242919921875,0.2595287561416626,0.0,0.2595287561416626,1.3133108212809919,front_upstream
-0.001500000013038516,0.35082459449768066,751.3040771484375,0.25791868567466736,0.0,0.25791868567466736,1.3138000795876201,front_upstream
-0.001500000013038516,0.3493253290653229,751.582275390625,0.25631505250930786,0.0,0.25631505250930786,1.3142865628689493,front_upstream
-0.001500000013038516,0.3478260934352875,751.8589477539062,0.2547179162502289,0.0,0.2547179162502289,1.3147703778567212,front_upstream
-0.001500000013038516,0.3463268280029297,752.1340942382812,0.2531270682811737,0.0,0.2531270682811737,1.3152515245509362,front_upstream
-0.001500000013038516,0.3448275923728943,752.4076538085938,0.2515426278114319,0.0,0.2515426278114319,1.3157298962198516,front_upstream
-0.001500000013038516,0.3433283269405365,752.6796875,0.24996450543403625,0.0,0.24996450543403625,1.31620559959521,front_upstream
-0.001500000013038516,0.3418290913105011,752.9502563476562,0.24839259684085846,0.0,0.24839259684085846,1.3166787414087537,front_upstream
-0.001500000013038516,0.3403298258781433,753.21923828125,0.24682685732841492,0.0,0.24682685732841492,1.317149108196998,front_upstream
-0.001500000013038516,0.3388305902481079,753.4866943359375,0.24526722729206085,0.0,0.24526722729206085,1.317616806691685,front_upstream
-0.001500000013038516,0.3373313248157501,753.752685546875,0.24371366202831268,0.0,0.24371366202831268,1.3180819436245572,front_upstream
-0.001500000013038516,0.3358320891857147,754.0171508789062,0.24216611683368683,0.0,0.24216611683368683,1.3185444122638725,front_upstream
-0.001500000013038516,0.33433282375335693,754.2800903320312,0.2406245619058609,0.0,0.2406245619058609,1.3190042126096306,front_upstream
-0.001500000013038516,0.33283358812332153,754.5415649414062,0.2390890121459961,0.0,0.2390890121459961,1.319461451393574,front_upstream
-0.001500000013038516,0.33133432269096375,754.801513671875,0.23755957186222076,0.0,0.23755957186222076,1.3199160218839603,front_upstream
-0.001500000013038516,0.32983508706092834,755.0599975585938,0.23603631556034088,0.0,0.23603631556034088,1.3203680308125316,front_upstream
-0.001500000013038516,0.32833582162857056,755.3169555664062,0.23451916873455048,0.0,0.23451916873455048,1.320817371447546,front_upstream
-0.001500000013038516,0.32683658599853516,755.5724487304688,0.23300804197788239,0.0,0.23300804197788239,1.3212641505207456,front_upstream
-0.001500000013038516,0.32533732056617737,755.8264770507812,0.23150281608104706,0.0,0.23150281608104706,1.3217083680321302,front_upstream
-0.001500000013038516,0.32383808493614197,756.0789794921875,0.23000329732894897,0.0,0.23000329732894897,1.3221499172499578,front_upstream
-0.001500000013038516,0.3223388195037842,756.330078125,0.2285095751285553,0.0,0.2285095751285553,1.322589011637713,front_upstream
-0.001500000013038516,0.3208395838737488,756.5797119140625,0.22702161967754364,0.0,0.22702161967754364,1.3230255444636534,front_upstream
-0.001500000013038516,0.319340318441391,756.827880859375,0.22553929686546326,0.0,0.22553929686546326,1.3234595157277789,front_upstream
-0.001500000013038516,0.3178410828113556,757.0746459960938,0.22406260669231415,0.0,0.22406260669231415,1.3238910321618318,front_upstream
-0.001500000013038516,0.3163418173789978,757.3199462890625,0.22259153425693512,0.0,0.22259153425693512,1.3243199870340698,front_upstream
-0.001500000013038516,0.3148425817489624,757.5637817382812,0.22112597525119781,0.0,0.22112597525119781,1.3247463803444932,front_upstream
-0.001500000013038516,0.3133433163166046,757.8062133789062,0.21966597437858582,0.0,0.21966597437858582,1.325170318824844,front_upstream
-0.001500000013038516,0.3118440806865692,758.0472412109375,0.21821153163909912,0.0,0.21821153163909912,1.3255918024751223,front_upstream
-0.001500000013038516,0.3103448152542114,758.2868041992188,0.216762512922287,0.0,0.216762512922287,1.3260107245635857,front_upstream
-0.001500000013038516,0.308845579624176,758.5249633789062,0.215318962931633,0.0,0.215318962931633,1.3264271918219768,front_upstream
-0.001500000013038516,0.30734631419181824,758.7616577148438,0.21388086676597595,0.0,0.21388086676597595,1.326841097518553,front_upstream
-0.001500000013038516,0.30584707856178284,758.9970092773438,0.2124481201171875,0.0,0.2124481201171875,1.327252655116799,front_upstream
-0.001500000013038516,0.30434781312942505,759.23095703125,0.21102070808410645,0.0,0.21102070808410645,1.3276617578849723,front_upstream
-0.001500000013038516,0.30284857749938965,759.4635009765625,0.2095986008644104,0.0,0.2095986008644104,1.3280684058230732,front_upstream
-0.001500000013038516,0.30134931206703186,759.694580078125,0.20818175375461578,0.0,0.20818175375461578,1.3284724921993591,front_upstream
-0.001500000013038516,0.29985007643699646,759.92431640625,0.206770122051239,0.0,0.206770122051239,1.328874230477315,front_upstream
-0.001500000013038516,0.29835081100463867,760.1527099609375,0.2053636908531189,0.0,0.2053636908531189,1.3292736206569404,front_upstream
-0.001500000013038516,0.29685157537460327,760.379638671875,0.20396240055561066,0.0,0.20396240055561066,1.3296704492747513,front_upstream
-0.001500000013038516,0.2953523099422455,760.605224609375,0.2025662213563919,0.0,0.2025662213563919,1.3300649297942317,front_upstream
-0.001500000013038516,0.2938530743122101,760.8294677734375,0.20117510855197906,0.0,0.20117510855197906,1.3304570622153822,front_upstream
-0.001500000013038516,0.2923538088798523,761.0523071289062,0.19978900253772736,0.0,0.19978900253772736,1.3308467398064598,front_upstream
-0.001500000013038516,0.2908545732498169,761.2737426757812,0.19840788841247559,0.0,0.19840788841247559,1.331233962567465,front_upstream
-0.001500000013038516,0.2893553078174591,761.4938354492188,0.19703170657157898,0.0,0.19703170657157898,1.33161883723014,front_upstream
-0.001500000013038516,0.2878560721874237,761.7125854492188,0.19566038250923157,0.0,0.19566038250923157,1.3320013637944847,front_upstream
-0.001500000013038516,0.2863568067550659,761.9299926757812,0.19429388642311096,0.0,0.19429388642311096,1.3323815422604992,front_upstream
-0.001500000013038516,0.2848575711250305,762.14599609375,0.1929321587085724,0.0,0.1929321587085724,1.3327592658964413,front_upstream
-0.001500000013038516,0.2833583354949951,762.3607177734375,0.19157512485980988,0.0,0.19157512485980988,1.3331347481657954,front_upstream
-0.001500000013038516,0.28185907006263733,762.5740356445312,0.19022269546985626,0.0,0.19022269546985626,1.3335077756050768,front_upstream
-0.001500000013038516,0.28035983443260193,762.7860107421875,0.18887488543987274,0.0,0.18887488543987274,1.333878454946028,front_upstream
-0.001500000013038516,0.27886056900024414,762.9966430664062,0.18753162026405334,0.0,0.18753162026405334,1.3342467861886491,front_upstream
-0.001500000013038516,0.27736133337020874,763.2059936523438,0.18619276583194733,0.0,0.18619276583194733,1.334612876064682,front_upstream
-0.001500000013038516,0.27586206793785095,763.4140014648438,0.18485833704471588,0.0,0.18485833704471588,1.334976617842385,front_upstream
-0.001500000013038516,0.27436283230781555,763.6206665039062,0.18352825939655304,0.0,0.18352825939655304,1.3353380115217575,front_upstream
-0.001500000013038516,0.27286356687545776,763.8259887695312,0.18220242857933044,0.0,0.18220242857933044,1.3356970571028,front_upstream
-0.001500000013038516,0.27136433124542236,764.0299682617188,0.18088078498840332,0.0,0.18088078498840332,1.336053754585512,front_upstream
-0.001500000013038516,0.2698650658130646,764.232666015625,0.1795632541179657,0.0,0.1795632541179657,1.3364082107016362,front_upstream
-0.001500000013038516,0.2683658301830292,764.43408203125,0.1782497614622116,0.0,0.1782497614622116,1.3367604254511722,front_upstream
-0.001500000013038516,0.2668665647506714,764.6341552734375,0.1769402176141739,0.0,0.1769402176141739,1.337110292102378,front_upstream
-0.001500000013038516,0.265367329120636,764.8328857421875,0.17563454806804657,0.0,0.17563454806804657,1.337457810655254,front_upstream
-0.001500000013038516,0.2638680636882782,765.0303955078125,0.17433267831802368,0.0,0.17433267831802368,1.337803194573284,front_upstream
-0.001500000013038516,0.2623688280582428,765.2265625,0.17303450405597687,0.0,0.17303450405597687,1.3381462303929836,front_upstream
-0.001500000013038516,0.260869562625885,765.42138671875,0.17173992097377777,0.0,0.17173992097377777,1.3384869181143533,front_upstream
-0.001500000013038516,0.2593703269958496,765.614990234375,0.17044897377490997,0.0,0.17044897377490997,1.3388254712008771,front_upstream
-0.001500000013038516,0.2578710615634918,765.8072509765625,0.1691615879535675,0.0,0.1691615879535675,1.3391616761890708,front_upstream
-0.001500000013038516,0.2563718259334564,765.998291015625,0.16787762939929962,0.0,0.16787762939929962,1.3394957465424187,front_upstream
-0.001500000013038516,0.25487256050109863,766.18798828125,0.16659703850746155,0.0,0.16659703850746155,1.3398274687974363,front_upstream
-0.001500000013038516,0.25337332487106323,766.3764038085938,0.1653197556734085,0.0,0.1653197556734085,1.340156949685866,front_upstream
-0.001500000013038516,0.25187405943870544,766.5635375976562,0.16404567658901215,0.0,0.16404567658901215,1.340484189207708,front_upstream
-0.001500000013038516,0.25037482380867004,766.7494506835938,0.1627746969461441,0.0,0.1627746969461441,1.340809294094704,front_upstream
-0.001500000013038516,0.24887555837631226,766.9340209960938,0.16150686144828796,0.0,0.16150686144828796,1.34113205088337,front_upstream
-0.001500000013038516,0.24737630784511566,767.1173706054688,0.16024212539196014,0.0,0.16024212539196014,1.34145267303719,front_upstream
-0.001500000013038516,0.24587705731391907,767.2993774414062,0.15898044407367706,0.0,0.15898044407367706,1.3417709470926802,front_upstream
-0.001500000013038516,0.24437780678272247,767.480224609375,0.15772181749343872,0.0,0.15772181749343872,1.3420871932450666,front_upstream
-0.001500000013038516,0.24287855625152588,767.6597290039062,0.15646611154079437,0.0,0.15646611154079437,1.342401091299123,front_upstream
-0.001500000013038516,0.24137930572032928,767.8380126953125,0.15521343052387238,0.0,0.15521343052387238,1.3427128547183336,front_upstream
-0.001500000013038516,0.2398800551891327,768.0150146484375,0.15396375954151154,0.0,0.15396375954151154,1.3430223767709564,front_upstream
-0.001500000013038516,0.2383808046579361,768.1907348632812,0.15271703898906708,0.0,0.15271703898906708,1.343329657456991,front_upstream
-0.001500000013038516,0.2368815541267395,768.3652954101562,0.15147331357002258,0.0,0.15147331357002258,1.3436349102399225,front_upstream
-0.001500000013038516,0.2353823035955429,768.5385131835938,0.15023259818553925,0.0,0.15023259818553925,1.3439378149245236,front_upstream
-0.001500000013038516,0.2338830530643463,768.7105102539062,0.14899490773677826,0.0,0.14899490773677826,1.344238584974279,front_upstream
-0.001500000013038516,0.23238380253314972,768.8812866210938,0.147760272026062,0.0,0.147760272026062,1.3445372203891888,front_upstream
-0.001500000013038516,0.23088455200195312,769.05078125,0.14652881026268005,0.0,0.14652881026268005,1.3448336144375106,front_upstream
-0.001500000013038516,0.22938530147075653,769.2191162109375,0.14530064165592194,0.0,0.14530064165592194,1.345127980582729,front_upstream
-0.001500000013038516,0.22788605093955994,769.3861083984375,0.14407570660114288,0.0,0.14407570660114288,1.3454199986296171,front_upstream
-0.001500000013038516,0.22638680040836334,769.5519409179688,0.1428542584180832,0.0,0.1428542584180832,1.3457099887734019,front_upstream
-0.001500000013038516,0.22488754987716675,769.716552734375,0.14163637161254883,0.0,0.14163637161254883,1.345997844282341,front_upstream
-0.001500000013038516,0.22338829934597015,769.8798828125,0.14042210578918457,0.0,0.14042210578918457,1.3462834584246923,front_upstream
-0.001500000013038516,0.22188904881477356,770.0420532226562,0.13921162486076355,0.0,0.13921162486076355,1.34656704466394,front_upstream
-0.001500000013038516,0.22038979828357697,770.2029418945312,0.13800501823425293,0.0,0.13800501823425293,1.3468483895366,front_upstream
-0.001500000013038516,0.21889054775238037,770.3626708984375,0.13680244982242584,0.0,0.13680244982242584,1.3471277065061562,front_upstream
-0.001500000013038516,0.21739129722118378,770.5211181640625,0.13560405373573303,0.0,0.13560405373573303,1.3474047821091246,front_upstream
-0.001500000013038516,0.21589204668998718,770.6784057617188,0.13440991938114166,0.0,0.13440991938114166,1.3476798298089898,front_upstream
-0.001500000013038516,0.2143927961587906,770.83447265625,0.13322019577026367,0.0,0.13322019577026367,1.3479527428740092,front_upstream
-0.001500000013038516,0.2128935605287552,770.9893798828125,0.13203497231006622,0.0,0.13203497231006622,1.3482236280359252,front_upstream
-0.001500000013038516,0.2113943099975586,771.14306640625,0.13085418939590454,0.0,0.13085418939590454,1.3484923785629954,front_upstream
-0.001500000013038516,0.209895059466362,771.2955322265625,0.1296778917312622,0.0,0.1296778917312622,1.34875899445522,front_upstream
-0.001500000013038516,0.2083958089351654,771.4468383789062,0.12850603461265564,0.0,0.12850603461265564,1.3490235824443415,front_upstream
-0.001500000013038516,0.2068965584039688,771.596923828125,0.12733858823776245,0.0,0.12733858823776245,1.349286035798617,front_upstream
-0.001500000013038516,0.20539730787277222,771.745849609375,0.1261756420135498,0.0,0.1261756420135498,1.3495464612497892,front_upstream
-0.001500000013038516,0.20389805734157562,771.8936157226562,0.1250172257423401,0.0,0.1250172257423401,1.349804858797858,front_upstream
-0.001500000013038516,0.20239880681037903,772.0401611328125,0.12386330217123032,0.0,0.12386330217123032,1.3500611217110812,front_upstream
-0.001500000013038516,0.20089955627918243,772.185546875,0.12271387875080109,0.0,0.12271387875080109,1.350315356721201,front_upstream
-0.001500000013038516,0.19940030574798584,772.3297729492188,0.121568962931633,0.0,0.121568962931633,1.3505675638282173,front_upstream
-0.001500000013038516,0.19790105521678925,772.4728393554688,0.12042848765850067,0.0,0.12042848765850067,1.3508177430321302,front_upstream
-0.001500000013038516,0.19640180468559265,772.6146850585938,0.11929251253604889,0.0,0.11929251253604889,1.3510657876011976,front_upstream
-0.001500000013038516,0.19490255415439606,772.75537109375,0.11816102266311646,0.0,0.11816102266311646,1.3513118042671615,front_upstream
-0.001500000013038516,0.19340330362319946,772.8949584960938,0.11703399568796158,0.0,0.11703399568796158,1.3515558997617643,front_upstream
-0.001500000013038516,0.19190405309200287,773.0333251953125,0.11591143906116486,0.0,0.11591143906116486,1.3517978606215213,front_upstream
-0.001500000013038516,0.19040480256080627,773.1705322265625,0.11479324847459793,0.0,0.11479324847459793,1.352037793578175,front_upstream
-0.001500000013038516,0.18890555202960968,773.3065795898438,0.11367939412593842,0.0,0.11367939412593842,1.3522756986317255,front_upstream
-0.001500000013038516,0.18740630149841309,773.4414672851562,0.11256977915763855,0.0,0.11256977915763855,1.3525115757821724,front_upstream
-0.001500000013038516,0.1859070509672165,773.5751953125,0.11146435141563416,0.0,0.11146435141563416,1.352745425029516,front_upstream
-0.001500000013038516,0.1844078004360199,773.707763671875,0.11036303639411926,0.0,0.11036303639411926,1.3529772463737562,front_upstream
-0.001500000013038516,0.1829085499048233,773.8391723632812,0.10926581174135208,0.0,0.10926581174135208,1.353207039814893,front_upstream
-0.001500000013038516,0.1814092993736267,773.969482421875,0.10817264020442963,0.0,0.10817264020442963,1.3534349120846687,front_upstream
-0.001500000013038516,0.17991004884243011,774.0985717773438,0.10708349198102951,0.0,0.10708349198102951,1.3536606497195987,front_upstream
-0.001500000013038516,0.17841079831123352,774.2265625,0.10599827021360397,0.0,0.10599827021360397,1.3538844661831675,front_upstream
-0.001500000013038516,0.17691154778003693,774.3533935546875,0.104917012155056,0.0,0.104917012155056,1.354106254743633,front_upstream
-0.001500000013038516,0.17541229724884033,774.4791259765625,0.10383971780538559,0.0,0.10383971780538559,1.3543261221327374,front_upstream
-0.001500000013038516,0.17391304671764374,774.6036987304688,0.1027662456035614,0.0,0.1027662456035614,1.3545439616187385,front_upstream
-0.001500000013038516,0.17241379618644714,774.7271118164062,0.10169667750597,0.0,0.10169667750597,1.354759773201636,front_upstream
-0.001500000013038516,0.17091454565525055,774.8494262695312,0.10063094645738602,0.0,0.10063094645738602,1.3549736636131726,front_upstream
-0.001500000013038516,0.16941529512405396,774.9705810546875,0.09956895560026169,0.0,0.09956895560026169,1.3551855261216057,front_upstream
-0.001500000013038516,0.16791604459285736,775.0906372070312,0.09851067513227463,0.0,0.09851067513227463,1.3553954674586777,front_upstream
-0.001500000013038516,0.16641679406166077,775.2095336914062,0.09745604544878006,0.0,0.09745604544878006,1.3556033808926464,front_upstream
-0.001500000013038516,0.16491754353046417,775.3273315429688,0.09640500694513321,0.0,0.09640500694513321,1.3558093731552538,front_upstream
-0.001500000013038516,0.16341829299926758,775.4439697265625,0.09535761177539825,0.0,0.09535761177539825,1.356013337514758,front_upstream
-0.001500000013038516,0.16191904246807098,775.5595092773438,0.09431420266628265,0.0,0.09431420266628265,1.3562153807029012,front_upstream
-0.001500000013038516,0.1604197919368744,775.6738891601562,0.09327531605958939,0.0,0.09327531605958939,1.3564153959879406,front_upstream
-0.001500000013038516,0.1589205414056778,775.7871704101562,0.09224090725183487,0.0,0.09224090725183487,1.3566134901016191,front_upstream
-0.001500000013038516,0.1574212908744812,775.8992919921875,0.09121048450469971,0.0,0.09121048450469971,1.3568095563121942,front_upstream
-0.001500000013038516,0.1559220403432846,776.0103759765625,0.0901838168501854,0.0,0.0901838168501854,1.3570038080831506,front_upstream
-0.001500000013038516,0.154422789812088,776.1203002929688,0.08916079998016357,0.0,0.08916079998016357,1.3571960319510037,front_upstream
-0.001500000013038516,0.15292353928089142,776.2290649414062,0.08814139664173126,0.0,0.08814139664173126,1.3573862279157531,front_upstream
-0.001500000013038516,0.15142428874969482,776.3367919921875,0.08712556958198547,0.0,0.08712556958198547,1.3575746094408838,front_upstream
-0.001500000013038516,0.14992503821849823,776.4434204101562,0.0861133486032486,0.0,0.0861133486032486,1.3577610697946534,front_upstream
-0.001500000013038516,0.14842578768730164,776.5489501953125,0.08510471135377884,0.0,0.08510471135377884,1.3579456089770618,front_upstream
-0.001500000013038516,0.14692653715610504,776.6533203125,0.08409959822893143,0.0,0.08409959822893143,1.358128120256367,front_upstream
-0.001500000013038516,0.14542728662490845,776.7566528320312,0.08309794217348099,0.0,0.08309794217348099,1.3583088170960533,front_upstream
-0.001500000013038516,0.14392803609371185,776.8588256835938,0.08209960162639618,0.0,0.08209960162639618,1.3584874860326361,front_upstream
-0.001500000013038516,0.14242878556251526,776.9599609375,0.08110447973012924,0.0,0.08110447973012924,1.3586643405296004,front_upstream
-0.001500000013038516,0.14092953503131866,777.0599975585938,0.0801125168800354,0.0,0.0801125168800354,1.3588392738552033,front_upstream
-0.001500000013038516,0.13943028450012207,777.158935546875,0.07912366092205048,0.0,0.07912366092205048,1.3590122860094451,front_upstream
-0.001500000013038516,0.13793103396892548,777.2567749023438,0.0781378448009491,0.0,0.0781378448009491,1.3591833769923258,front_upstream
-0.001500000013038516,0.13643178343772888,777.353515625,0.07715491950511932,0.0,0.07715491950511932,1.3593525468038457,front_upstream
-0.001500000013038516,0.1349325329065323,777.4491577148438,0.07617471367120743,0.0,0.07617471367120743,1.3595197954440041,front_upstream
-0.001500000013038516,0.1334332823753357,777.543701171875,0.07519702613353729,0.0,0.07519702613353729,1.3596851229128015,front_upstream
-0.001500000013038516,0.1319340318441391,777.63720703125,0.07422158122062683,0.0,0.07422158122062683,1.3598486359419801,front_upstream
-0.001500000013038516,0.1304347813129425,777.7296142578125,0.07324806600809097,0.0,0.07324806600809097,1.3600102277997976,front_upstream
-0.001500000013038516,0.1289355307817459,777.8209228515625,0.07227608561515808,0.0,0.07227608561515808,1.360169898486254,front_upstream
-0.001500000013038516,0.12743628025054932,777.9110717773438,0.07130531966686249,0.0,0.07130531966686249,1.360327541269607,front_upstream
-0.001500000013038516,0.12593702971935272,778.0001831054688,0.07033565640449524,0.0,0.07033565640449524,1.3604833696133412,front_upstream
-0.001500000013038516,0.12443777918815613,778.0881958007812,0.06936752051115036,0.0,0.06936752051115036,1.3606372767857144,front_upstream
-0.001500000013038516,0.12293852865695953,778.1751098632812,0.06840189546346664,0.0,0.06840189546346664,1.3607892627867264,front_upstream
-0.001500000013038516,0.12143927812576294,778.260986328125,0.06743951141834259,0.0,0.06743951141834259,1.3609394343481194,front_upstream
-0.001500000013038516,0.11994002759456635,778.3458251953125,0.06648071110248566,0.0,0.06648071110248566,1.3610877914698938,front_upstream
-0.001500000013038516,0.11844077706336975,778.4295043945312,0.0655256137251854,0.0,0.0655256137251854,1.3612341206885648,front_upstream
-0.001500000013038516,0.11694152653217316,778.51220703125,0.06457379460334778,0.0,0.06457379460334778,1.361378742199359,front_upstream
-0.001500000013038516,0.11544227600097656,778.59375,0.06362447142601013,0.0,0.06362447142601013,1.3615213358070501,front_upstream
-0.001500000013038516,0.11394302546977997,778.6742553710938,0.06267675012350082,0.0,0.06267675012350082,1.3616621149751222,front_upstream
-0.001500000013038516,0.11244377493858337,778.753662109375,0.06172948330640793,0.0,0.06172948330640793,1.3618009729718334,front_upstream
-0.001500000013038516,0.11094452440738678,778.8319702148438,0.060782112181186676,0.0,0.060782112181186676,1.3619379097971833,front_upstream
-0.001500000013038516,0.10944527387619019,778.9091796875,0.059835124760866165,0.0,0.059835124760866165,1.3620729254511723,front_upstream
-0.001500000013038516,0.10794602334499359,778.9852905273438,0.05888964980840683,0.0,0.05888964980840683,1.3622060199338,front_upstream
-0.001500000013038516,0.1064467802643776,779.0603637695312,0.05794748291373253,0.0,0.05794748291373253,1.3623372999768089,front_upstream
-0.001500000013038516,0.104947529733181,779.1343383789062,0.05701027438044548,0.0,0.05701027438044548,1.3624666588484569,front_upstream
-0.001500000013038516,0.1034482792019844,779.207275390625,0.05607907474040985,0.0,0.05607907474040985,1.3625942032804859,front_upstream
-0.001500000013038516,0.10194902867078781,779.2791748046875,0.05515443906188011,0.0,0.05515443906188011,1.362719933272896,front_upstream
-0.001500000013038516,0.10044977813959122,779.3499755859375,0.05423664674162865,0.0,0.05423664674162865,1.362843742093945,front_upstream
-0.001500000013038516,0.09895052760839462,779.4197387695312,0.05332593247294426,0.0,0.05332593247294426,1.3629657364753753,front_upstream
-0.001500000013038516,0.09745127707719803,779.4884033203125,0.05242250859737396,0.0,0.05242250859737396,1.3630858096854446,front_upstream
-0.001500000013038516,0.09595202654600143,779.5560302734375,0.051526572555303574,0.0,0.051526572555303574,1.3632040684558948,front_upstream
-0.001500000013038516,0.09445277601480484,779.6226196289062,0.050638265907764435,0.0,0.050638265907764435,1.3633205127867263,front_upstream
-0.001500000013038516,0.09295352548360825,779.6881103515625,0.049757640808820724,0.0,0.049757640808820724,1.3634350359461966,front_upstream
-0.001500000013038516,0.09145427495241165,779.7525634765625,0.04888462647795677,0.0,0.04888462647795677,1.3635477446660482,front_upstream
-0.001500000013038516,0.08995502442121506,779.8159790039062,0.04801907390356064,0.0,0.04801907390356064,1.363658638946281,front_upstream
-0.001500000013038516,0.08845577389001846,779.8782958984375,0.047160737216472626,0.0,0.047160737216472626,1.3637676120551527,front_upstream
-0.001500000013038516,0.08695652335882187,779.9396362304688,0.046309325844049454,0.0,0.046309325844049454,1.3638748774561478,front_upstream
-0.001500000013038516,0.08545727282762527,779.9998168945312,0.04546447843313217,0.0,0.04546447843313217,1.3639801149540396,front_upstream
-0.001500000013038516,0.08395802229642868,780.0590209960938,0.04462580010294914,0.0,0.04462580010294914,1.3640836447440547,front_upstream
-0.001500000013038516,0.08245877176523209,780.1171264648438,0.04379288852214813,0.0,0.04379288852214813,1.3641852533627088,front_upstream
-0.001500000013038516,0.08095952123403549,780.1741943359375,0.042965322732925415,0.0,0.042965322732925415,1.364285047541744,front_upstream
-0.001500000013038516,0.0794602707028389,780.230224609375,0.042142678052186966,0.0,0.042142678052186966,1.3643830272811603,front_upstream
-0.001500000013038516,0.0779610201716423,780.2852172851562,0.04132455959916115,0.0,0.04132455959916115,1.364479192580958,front_upstream
-0.001500000013038516,0.07646176964044571,780.339111328125,0.04051060974597931,0.0,0.04051060974597931,1.3645734367093945,front_upstream
-0.001500000013038516,0.07496251910924911,780.3919677734375,0.03970043733716011,0.0,0.03970043733716011,1.3646658663982123,front_upstream
-0.001500000013038516,0.07346326857805252,780.4437866210938,0.0388936884701252,0.0,0.0388936884701252,1.3647564816474111,front_upstream
-0.001500000013038516,0.07196401804685593,780.4945068359375,0.038089994341135025,0.0,0.038089994341135025,1.3648451757252489,front_upstream
-0.001500000013038516,0.07046476751565933,780.5442504882812,0.037288930267095566,0.0,0.037288930267095566,1.36493216209521,front_upstream
-0.001500000013038516,0.06896551698446274,780.5928955078125,0.03649003803730011,0.0,0.03649003803730011,1.3650172272938101,front_upstream
-0.001500000013038516,0.06746626645326614,780.6405029296875,0.035692814737558365,0.0,0.035692814737558365,1.3651004780527913,front_upstream
-0.001500000013038516,0.06596701592206955,780.6870727539062,0.034896738827228546,0.0,0.034896738827228546,1.365181914372154,front_upstream
-0.001500000013038516,0.06446776539087296,780.7325439453125,0.034101348370313644,0.0,0.034101348370313644,1.3652614295201553,front_upstream
-0.001500000013038516,0.06296851485967636,780.7770385742188,0.033306967467069626,0.0,0.033306967467069626,1.36533923696028,front_upstream
-0.001500000013038516,0.06146926432847977,780.8204345703125,0.03251515328884125,0.0,0.03251515328884125,1.3654151232290437,front_upstream
-0.001500000013038516,0.05997001379728317,780.86279296875,0.031726863235235214,0.0,0.031726863235235214,1.3654891950581887,front_upstream
-0.001500000013038516,0.05847076326608658,780.9041137695312,0.030941005796194077,0.0,0.030941005796194077,1.3655614524477147,front_upstream
-0.001500000013038516,0.056971512734889984,780.9443359375,0.030156781896948814,0.0,0.030156781896948814,1.3656317886658795,front_upstream
-0.001500000013038516,0.05547226220369339,780.9835815429688,0.029374074190855026,0.0,0.029374074190855026,1.365700417176168,front_upstream
-0.001500000013038516,0.053973011672496796,781.0217895507812,0.028592713177204132,0.0,0.028592713177204132,1.3657672312468376,front_upstream
-0.001500000013038516,0.0524737648665905,781.0589599609375,0.02781272493302822,0.0,0.02781272493302822,1.3658322308778883,front_upstream
-0.001500000013038516,0.050974514335393906,781.0950927734375,0.027034025639295578,0.0,0.027034025639295578,1.3658954160693204,front_upstream
-0.001500000013038516,0.04947526380419731,781.1302490234375,0.026256591081619263,0.0,0.026256591081619263,1.3659568935528756,front_upstream
-0.001500000013038516,0.04797601327300072,781.164306640625,0.0254803616553545,0.0,0.0254803616553545,1.36601644986507,front_upstream
-0.001500000013038516,0.04647676274180412,781.1973876953125,0.024705279618501663,0.0,0.024705279618501663,1.3660742984693879,front_upstream
-0.001500000013038516,0.04497751221060753,781.2293701171875,0.023931294679641724,0.0,0.023931294679641724,1.3661302259023445,front_upstream
-0.001500000013038516,0.043478261679410934,781.2603759765625,0.023158354684710503,0.0,0.023158354684710503,1.3661844456274246,front_upstream
-0.001500000013038516,0.04197901114821434,781.2904052734375,0.022386398166418076,0.0,0.022386398166418076,1.366236957644628,front_upstream
-0.001500000013038516,0.040479760617017746,781.3193359375,0.02161538228392601,0.0,0.02161538228392601,1.3662875484904706,front_upstream
-0.001500000013038516,0.03898051008582115,781.3472900390625,0.02084527164697647,0.0,0.02084527164697647,1.3663364316284365,front_upstream
-0.001500000013038516,0.03748125955462456,781.3742065429688,0.02007603645324707,0.0,0.02007603645324707,1.3663835003267837,front_upstream
-0.001500000013038516,0.03598200902342796,781.400146484375,0.019307630136609077,0.0,0.019307630136609077,1.3664288613172542,front_upstream
-0.001500000013038516,0.03448275849223137,781.4249877929688,0.018540019169449806,0.0,0.018540019169449806,1.3664723011363638,front_upstream
-0.001500000013038516,0.032983507961034775,781.4489135742188,0.017773186787962914,0.0,0.017773186787962914,1.3665141399793388,front_upstream
-0.001500000013038516,0.03148425742983818,781.4717407226562,0.017007116228342056,0.0,0.017007116228342056,1.366554057650953,front_upstream
-0.001500000013038516,0.029985006898641586,781.4935913085938,0.01624177396297455,0.0,0.01624177396297455,1.3665922676146907,front_upstream
-0.001500000013038516,0.028485756367444992,781.5144653320312,0.015477116219699383,0.0,0.015477116219699383,1.3666287698705515,front_upstream
-0.001500000013038516,0.026986505836248398,781.5343017578125,0.014713112264871597,0.0,0.014713112264871597,1.3666634576867938,front_upstream
-0.001500000013038516,0.025487257167696953,781.5531005859375,0.01394971739500761,0.0,0.01394971739500761,1.3666963310634173,front_upstream
-0.001500000013038516,0.02398800663650036,781.5709228515625,0.01318686455488205,0.0,0.01318686455488205,1.366727496732164,front_upstream
-0.001500000013038516,0.022488756105303764,781.5877685546875,0.012424458749592304,0.0,0.012424458749592304,1.3667569546930343,front_upstream
-0.001500000013038516,0.02098950557410717,781.6035766601562,0.011662342585623264,0.0,0.011662342585623264,1.3667845982142857,front_upstream
-0.001500000013038516,0.019490255042910576,781.6183471679688,0.010900374501943588,0.0,0.010900374501943588,1.3668104272959185,front_upstream
-0.001500000013038516,0.01799100451171398,781.6321411132812,0.010138624347746372,0.0,0.010138624347746372,1.3668345486696745,front_upstream
-0.001500000013038516,0.016491753980517387,781.6449584960938,0.009377450682222843,0.0,0.009377450682222843,1.3668569623355542,front_upstream
-0.001500000013038516,0.014992503449320793,781.65673828125,0.008617146871984005,0.0,0.008617146871984005,1.366877561561815,front_upstream
-0.001500000013038516,0.013493252918124199,781.6675415039062,0.007856912910938263,0.0,0.007856912910938263,1.366896453080199,front_upstream
-0.001500000013038516,0.01199400331825018,781.6773681640625,0.007093580439686775,0.0,0.007093580439686775,1.3669136368907067,front_upstream
-0.001500000013038516,0.010494752787053585,781.6860961914062,0.0063233757391572,0.0,0.0063233757391572,1.3669288995298534,front_upstream
-0.001500000013038516,0.00899550225585699,781.69384765625,0.005548910703510046,0.0,0.005548910703510046,1.3669424544611233,front_upstream
-0.001500000013038516,0.007496251724660397,781.7005615234375,0.004777245689183474,0.0,0.004777245689183474,1.3669541949527746,front_upstream
-0.001500000013038516,0.00599700165912509,781.7063598632812,0.004007869865745306,0.0,0.004007869865745306,1.3669643344682916,front_upstream
-0.001500000013038516,0.004497751127928495,781.7111206054688,0.0032406162936240435,0.0,0.0032406162936240435,1.3669726595441896,front_upstream
-0.001500000013038516,0.002998500829562545,781.71484375,0.0024759809020906687,0.0,0.0024759809020906687,1.366979170180469,front_upstream
-0.001500000013038516,0.0014992504147812724,781.7176513671875,0.0017111635534092784,0.0,0.0017111635534092784,1.3669840798406139,front_upstream
-0.001500000013038516,-8.881784197001252e-16,781.7194213867188,0.0009281263337470591,0.0,0.0009281263337470591,1.3669871750611402,front_upstream
-0.001500000013038516,-0.0014992504147812724,781.7202758789062,0.0003626001125667244,0.0,0.000164930839673616,1.3669886693055322,front_upstream
-0.001500000013038516,-0.002998500829562545,781.719970703125,0.0006126986700110137,0.0,-0.0006126986700110137,1.3669881356468208,front_upstream
-0.001500000013038516,-0.004497751127928495,781.7186279296875,0.0014091997873038054,0.0,-0.0014091997873038054,1.3669857875484905,front_upstream
-0.001500000013038516,-0.00599700165912509,781.71630859375,0.002172362059354782,0.0,-0.002172362059354782,1.3669817317422837,front_upstream
-0.001500000013038516,-0.007496251724660397,781.7130126953125,0.0029371664859354496,0.0,-0.0029371664859354496,1.3669759682282003,front_upstream
-0.001500000013038516,-0.00899550225585699,781.7086791992188,0.0037058894522488117,0.0,-0.0037058894522488117,1.3669683902744982,front_upstream
-0.001500000013038516,-0.010494752787053585,781.703369140625,0.004478238523006439,0.0,-0.004478238523006439,1.3669591046129197,front_upstream
-0.001500000013038516,-0.01199400331825018,781.6970825195312,0.0052537634037435055,0.0,-0.0052537634037435055,1.3669481112434645,front_upstream
-0.001500000013038516,-0.013493252918124199,781.6898193359375,0.006033034063875675,0.0,-0.006033034063875675,1.3669354101661326,front_upstream
-0.001500000013038516,-0.014992503449320793,781.6814575195312,0.00681060878559947,0.0,-0.00681060878559947,1.3669207879174397,front_upstream
-0.001500000013038516,-0.016491753980517387,781.6720581054688,0.007582035847008228,0.0,-0.007582035847008228,1.3669043512291281,front_upstream
-0.001500000013038516,-0.01799100451171398,781.6616821289062,0.008350381627678871,0.0,-0.008350381627678871,1.36688620683294,front_upstream
-0.001500000013038516,-0.019490255042910576,781.6502685546875,0.009119217284023762,0.0,-0.009119217284023762,1.3668662479971327,front_upstream
-0.001500000013038516,-0.02098950557410717,781.6378173828125,0.009889733046293259,0.0,-0.009889733046293259,1.366844474721707,front_upstream
-0.001500000013038516,-0.022488756105303764,781.6243286132812,0.010661744512617588,0.0,-0.010661744512617588,1.3668208870066623,front_upstream
-0.001500000013038516,-0.02398800663650036,781.60986328125,0.011434889398515224,0.0,-0.011434889398515224,1.366795591583741,front_upstream
-0.001500000013038516,-0.025487257167696953,781.5943603515625,0.012209070846438408,0.0,-0.012209070846438408,1.366768481721201,front_upstream
-0.001500000013038516,-0.026986505836248398,781.5777587890625,0.012984412722289562,0.0,-0.012984412722289562,1.3667394506872999,front_upstream
-0.001500000013038516,-0.028485756367444992,781.5601806640625,0.013761062175035477,0.0,-0.013761062175035477,1.3667087119455221,front_upstream
-0.001500000013038516,-0.029985006898641586,781.5415649414062,0.014539103023707867,0.0,-0.014539103023707867,1.3666761587641256,front_upstream
-0.001500000013038516,-0.03148425742983818,781.5219116210938,0.015318571589887142,0.0,-0.015318571589887142,1.3666417911431101,front_upstream
-0.001500000013038516,-0.032983507961034775,781.501220703125,0.016099492087960243,0.0,-0.016099492087960243,1.366605609082476,front_upstream
-0.001500000013038516,-0.03448275849223137,781.4794311523438,0.016881875693798065,0.0,-0.016881875693798065,1.3665675058504807,front_upstream
-0.001500000013038516,-0.03598200902342796,781.4566040039062,0.01766570471227169,0.0,-0.01766570471227169,1.3665275881788665,front_upstream
-0.001500000013038516,-0.03748125955462456,781.4327392578125,0.018450964242219925,0.0,-0.018450964242219925,1.3664858560676336,front_upstream
-0.001500000013038516,-0.03898051008582115,781.4078369140625,0.019237656146287918,0.0,-0.019237656146287918,1.366442309516782,front_upstream
-0.001500000013038516,-0.040479760617017746,781.3818969726562,0.02002575621008873,0.0,-0.02002575621008873,1.3663969485263114,front_upstream
-0.001500000013038516,-0.04197901114821434,781.3548583984375,0.020815236493945122,0.0,-0.020815236493945122,1.3663496663644796,front_upstream
-0.001500000013038516,-0.043478261679410934,781.3267822265625,0.0216060783714056,0.0,-0.0216060783714056,1.3663005697630293,front_upstream
-0.001500000013038516,-0.04497751221060753,781.297607421875,0.022398268803954124,0.0,-0.022398268803954124,1.3662495519902176,front_upstream
-0.001500000013038516,-0.04647676274180412,781.2673950195312,0.0231917891651392,0.0,-0.0231917891651392,1.3661967197777871,front_upstream
-0.001500000013038516,-0.04797601327300072,781.236083984375,0.02398662082850933,0.0,-0.02398662082850933,1.3661419663939958,front_upstream
-0.001500000013038516,-0.04947526380419731,781.2037353515625,0.024782754480838776,0.0,-0.024782754480838776,1.3660853985705854,front_upstream
-0.001500000013038516,-0.050974514335393906,781.1702880859375,0.025580178946256638,0.0,-0.025580178946256638,1.3660269095758137,front_upstream
-0.001500000013038516,-0.0524737648665905,781.1358032226562,0.026378897950053215,0.0,-0.026378897950053215,1.3659666061414235,front_upstream
-0.001500000013038516,-0.053973011672496796,781.1002807617188,0.02717890962958336,0.0,-0.02717890962958336,1.3659044882674145,front_upstream
-0.001500000013038516,-0.05547226220369339,781.0635986328125,0.027980215847492218,0.0,-0.027980215847492218,1.365840342490302,front_upstream
-0.001500000013038516,-0.056971512734889984,781.02587890625,0.028782792389392853,0.0,-0.028782792389392853,1.3657743822735706,front_upstream
-0.001500000013038516,-0.05847076326608658,780.9871215820312,0.0295866709202528,0.0,-0.0295866709202528,1.3657066076172204,front_upstream
-0.001500000013038516,-0.05997001379728317,780.947265625,0.03039179928600788,0.0,-0.03039179928600788,1.3656369117895093,front_upstream
-0.001500000013038516,-0.06146926432847977,780.9063110351562,0.031198274344205856,0.0,-0.031198274344205856,1.3655652947904369,front_upstream
-0.001500000013038516,-0.06296851485967636,780.8643188476562,0.0320061519742012,0.0,-0.0320061519742012,1.3654918633517457,front_upstream
-0.001500000013038516,-0.06446776539087296,780.8212280273438,0.03281588852405548,0.0,-0.03281588852405548,1.3654165107416933,front_upstream
-0.001500000013038516,-0.06596701592206955,780.7770385742188,0.03362872451543808,0.0,-0.03362872451543808,1.36533923696028,front_upstream
-0.001500000013038516,-0.06746626645326614,780.7317504882812,0.03444451466202736,0.0,-0.03444451466202736,1.3652600420075056,front_upstream
-0.001500000013038516,-0.06896551698446274,780.6854248046875,0.03526176139712334,0.0,-0.03526176139712334,1.3651790326151123,front_upstream
-0.001500000013038516,-0.07046476751565933,780.637939453125,0.036079615354537964,0.0,-0.036079615354537964,1.3650959953196156,front_upstream
-0.001500000013038516,-0.07196401804685593,780.5894165039062,0.03689827397465706,0.0,-0.03689827397465706,1.3650111435845,front_upstream
-0.001500000013038516,-0.07346326857805252,780.5398559570312,0.037718262523412704,0.0,-0.037718262523412704,1.3649244774097655,front_upstream
-0.001500000013038516,-0.07496251910924911,780.4891357421875,0.038540106266736984,0.0,-0.038540106266736984,1.3648357833319278,front_upstream
-0.001500000013038516,-0.07646176964044571,780.4373779296875,0.03936430811882019,0.0,-0.03936430811882019,1.3647452748144713,front_upstream
-0.001500000013038516,-0.0779610201716423,780.384521484375,0.04019135609269142,0.0,-0.04019135609269142,1.3646528451256537,front_upstream
-0.001500000013038516,-0.0794602707028389,780.3306274414062,0.04102170094847679,0.0,-0.04102170094847679,1.364558600997217,front_upstream
-0.001500000013038516,-0.08095952123403549,780.2755737304688,0.04185575246810913,0.0,-0.04185575246810913,1.3644623289656772,front_upstream
-0.001500000013038516,-0.08245877176523209,780.219482421875,0.04269393905997276,0.0,-0.04269393905997276,1.3643642424945186,front_upstream
-0.001500000013038516,-0.08395802229642868,780.162353515625,0.04353667423129082,0.0,-0.04353667423129082,1.364264341583741,front_upstream
-0.001500000013038516,-0.08545727282762527,780.1041259765625,0.044384416192770004,0.0,-0.044384416192770004,1.3641625195016023,front_upstream
-0.001500000013038516,-0.08695652335882187,780.0447387695312,0.04523760825395584,0.0,-0.04523760825395584,1.3640586695163603,front_upstream
-0.001500000013038516,-0.08845577389001846,779.984375,0.04609668627381325,0.0,-0.04609668627381325,1.3639531118232417,front_upstream
-0.001500000013038516,-0.08995502442121506,779.9228515625,0.04696205258369446,0.0,-0.04696205258369446,1.3638455262270197,front_upstream
-0.001500000013038516,-0.09145427495241165,779.8602905273438,0.04783410206437111,0.0,-0.04783410206437111,1.363736126191179,front_upstream
-0.001500000013038516,-0.09295352548360825,779.7966918945312,0.04871318116784096,0.0,-0.04871318116784096,1.3636249117157193,front_upstream
-0.001500000013038516,-0.09445277601480484,779.73193359375,0.0495995469391346,0.0,-0.0495995469391346,1.3635116693371565,front_upstream
-0.001500000013038516,-0.09595202654600143,779.6661376953125,0.05049337446689606,0.0,-0.05049337446689606,1.3633966125189745,front_upstream
-0.001500000013038516,-0.09745127707719803,779.5992431640625,0.0513947568833828,0.0,-0.0513947568833828,1.3632796345294316,front_upstream
-0.001500000013038516,-0.09895052760839462,779.5313110351562,0.05230368673801422,0.0,-0.05230368673801422,1.3631608421002699,front_upstream
-0.001500000013038516,-0.10044977813959122,779.4622802734375,0.053220055997371674,0.0,-0.053220055997371674,1.363040128499747,front_upstream
-0.001500000013038516,-0.10194902867078781,779.3921508789062,0.05414368957281113,0.0,-0.05414368957281113,1.3629174937278632,front_upstream
-0.001500000013038516,-0.1034482792019844,779.3209228515625,0.055074386298656464,0.0,-0.055074386298656464,1.362792937784618,front_upstream
-0.001500000013038516,-0.104947529733181,779.2486572265625,0.056011930108070374,0.0,-0.056011930108070374,1.3626665674017542,front_upstream
-0.001500000013038516,-0.1064467802643776,779.17529296875,0.0569562092423439,0.0,-0.0569562092423439,1.362538275847529,front_upstream
-0.001500000013038516,-0.10794602334499359,779.100830078125,0.057906754314899445,0.0,-0.057906754314899445,1.362408063121943,front_upstream
-0.001500000013038516,-0.10944527387619019,779.0253295898438,0.05886322632431984,0.0,-0.05886322632431984,1.362276035956738,front_upstream
-0.001500000013038516,-0.11094452440738678,778.94873046875,0.05982412397861481,0.0,-0.05982412397861481,1.3621420876201722,front_upstream
-0.001500000013038516,-0.11244377493858337,778.8710327148438,0.06078687682747841,0.0,-0.06078687682747841,1.362006218112245,front_upstream
-0.001500000013038516,-0.11394302546977997,778.792236328125,0.06175006181001663,0.0,-0.06175006181001663,1.3618684274329567,front_upstream
-0.001500000013038516,-0.11544227600097656,778.7122802734375,0.06271283328533173,0.0,-0.06271283328533173,1.3617286088505651,front_upstream
-0.001500000013038516,-0.11694152653217316,778.6312255859375,0.06367537379264832,0.0,-0.06367537379264832,1.3615868690968123,front_upstream
-0.001500000013038516,-0.11844077706336975,778.549072265625,0.06463883817195892,0.0,-0.06463883817195892,1.3614432081716985,front_upstream
-0.001500000013038516,-0.11994002759456635,778.4658203125,0.06560412794351578,0.0,-0.06560412794351578,1.3612976260752234,front_upstream
-0.001500000013038516,-0.12143927812576294,778.3814697265625,0.06657207012176514,0.0,-0.06657207012176514,1.3611501228073875,front_upstream
-0.001500000013038516,-0.12293852865695953,778.2960815429688,0.06754328310489655,0.0,-0.06754328310489655,1.3610008050999325,front_upstream
-0.001500000013038516,-0.12443777918815613,778.2095336914062,0.06851781159639359,0.0,-0.06851781159639359,1.3608494594893743,front_upstream
-0.001500000013038516,-0.12593702971935272,778.1219482421875,0.06949537992477417,0.0,-0.06949537992477417,1.3606962994391971,front_upstream
-0.001500000013038516,-0.12743628025054932,778.0333251953125,0.07047561556100845,0.0,-0.07047561556100845,1.3605413249494014,front_upstream
-0.001500000013038516,-0.1289355307817459,777.9435424804688,0.07145755738019943,0.0,-0.07145755738019943,1.360384322556502,front_upstream
-0.001500000013038516,-0.1304347813129425,777.8526611328125,0.07244033366441727,0.0,-0.07244033366441727,1.3602253989922415,front_upstream
-0.001500000013038516,-0.1319340318441391,777.7606811523438,0.07342392951250076,0.0,-0.07342392951250076,1.36006455425662,front_upstream
-0.001500000013038516,-0.1334332823753357,777.6675415039062,0.07440857589244843,0.0,-0.07440857589244843,1.359901681617895,front_upstream
-0.001500000013038516,-0.1349325329065323,777.5733642578125,0.07539468258619308,0.0,-0.07539468258619308,1.3597369945395514,front_upstream
-0.001500000013038516,-0.13643178343772888,777.4780883789062,0.07638265937566757,0.0,-0.07638265937566757,1.3595703862898465,front_upstream
-0.001500000013038516,-0.13793103396892548,777.3816528320312,0.07737281918525696,0.0,-0.07737281918525696,1.3594017501370383,front_upstream
-0.001500000013038516,-0.13943028450012207,777.2841796875,0.07836540043354034,0.0,-0.07836540043354034,1.3592312995446112,front_upstream
-0.001500000013038516,-0.14092953503131866,777.185546875,0.07936061918735504,0.0,-0.07936061918735504,1.3590588210490808,front_upstream
-0.001500000013038516,-0.14242878556251526,777.0858764648438,0.08035866916179657,0.0,-0.08035866916179657,1.3588845281139317,front_upstream
-0.001500000013038516,-0.14392803609371185,776.985107421875,0.08135964721441269,0.0,-0.08135964721441269,1.3587083140074212,front_upstream
-0.001500000013038516,-0.14542728662490845,776.8831787109375,0.08236361294984818,0.0,-0.08236361294984818,1.3585300719978075,front_upstream
-0.001500000013038516,-0.14692653715610504,776.7801513671875,0.08337060362100601,0.0,-0.08337060362100601,1.3583499088168325,front_upstream
-0.001500000013038516,-0.14842578768730164,776.676025390625,0.08438068628311157,0.0,-0.08438068628311157,1.3581678244644966,front_upstream
-0.001500000013038516,-0.14992503821849823,776.5708618164062,0.085393987596035,0.0,-0.085393987596035,1.357983925672542,front_upstream
-0.001500000013038516,-0.15142428874969482,776.4645385742188,0.08641063421964645,0.0,-0.08641063421964645,1.3577979989774835,front_upstream
-0.001500000013038516,-0.15292353928089142,776.3571166992188,0.0874306708574295,0.0,-0.0874306708574295,1.3576101511110643,front_upstream
-0.001500000013038516,-0.154422789812088,776.24853515625,0.08845412731170654,0.0,-0.08845412731170654,1.3574202753415416,front_upstream
-0.001500000013038516,-0.1559220403432846,776.138916015625,0.08948104828596115,0.0,-0.08948104828596115,1.3572285851324002,front_upstream
-0.001500000013038516,-0.1574212908744812,776.0281372070312,0.09051141142845154,0.0,-0.09051141142845154,1.3570348670201553,front_upstream
-0.001500000013038516,-0.1589205414056778,775.916259765625,0.09154526889324188,0.0,-0.09154526889324188,1.3568392277365493,front_upstream
-0.001500000013038516,-0.1604197919368744,775.8032836914062,0.09258274734020233,0.0,-0.09258274734020233,1.3566416672815822,front_upstream
-0.001500000013038516,-0.16191904246807098,775.6891479492188,0.09362412244081497,0.0,-0.09362412244081497,1.3564420789235117,front_upstream
-0.001500000013038516,-0.16341829299926758,775.5739135742188,0.09466984868049622,0.0,-0.09466984868049622,1.35624056939408,front_upstream
-0.001500000013038516,-0.16491754353046417,775.45751953125,0.09571996331214905,0.0,-0.09571996331214905,1.356037031961545,front_upstream
-0.001500000013038516,-0.16641679406166077,775.3399658203125,0.09677397459745407,0.0,-0.09677397459745407,1.3558314666259066,front_upstream
-0.001500000013038516,-0.16791604459285736,775.2213134765625,0.09783151745796204,0.0,-0.09783151745796204,1.3556239801189072,front_upstream
-0.001500000013038516,-0.16941529512405396,775.1015014648438,0.09889256209135056,0.0,-0.09889256209135056,1.3554144657088043,front_upstream
-0.001500000013038516,-0.17091454565525055,774.9805908203125,0.0999571830034256,0.0,-0.0999571830034256,1.3552030301273403,front_upstream
-0.001500000013038516,-0.17241379618644714,774.8585815429688,0.10102545469999313,0.0,-0.10102545469999313,1.3549896733745153,front_upstream
-0.001500000013038516,-0.17391304671764374,774.7354125976562,0.10209739208221436,0.0,-0.10209739208221436,1.3547742887185867,front_upstream
-0.001500000013038516,-0.17541229724884033,774.611083984375,0.10317304730415344,0.0,-0.10317304730415344,1.3545568761595548,front_upstream
-0.001500000013038516,-0.17691154778003693,774.485595703125,0.10425247251987457,0.0,-0.10425247251987457,1.3543374356974196,front_upstream
-0.001500000013038516,-0.17841079831123352,774.3590087890625,0.10533571988344193,0.0,-0.10533571988344193,1.354116074063923,front_upstream
-0.001500000013038516,-0.17991004884243011,774.2312622070312,0.10642282664775848,0.0,-0.10642282664775848,1.3538926845273234,front_upstream
-0.001500000013038516,-0.1814092993736267,774.1023559570312,0.10751383006572723,0.0,-0.10751383006572723,1.3536672670876202,front_upstream
-0.001500000013038516,-0.1829085499048233,773.9723510742188,0.10860875993967056,0.0,-0.10860875993967056,1.353439928476556,front_upstream
-0.001500000013038516,-0.1844078004360199,773.8411254882812,0.10970768332481384,0.0,-0.10970768332481384,1.353210455230646,front_upstream
-0.001500000013038516,-0.1859070509672165,773.7088012695312,0.11081063747406006,0.0,-0.11081063747406006,1.352979060813375,front_upstream
-0.001500000013038516,-0.18740630149841309,773.5753173828125,0.111917644739151,0.0,-0.111917644739151,1.3527456384930006,front_upstream
-0.001500000013038516,-0.18890555202960968,773.440673828125,0.11302873492240906,0.0,-0.11302873492240906,1.3525101882695227,front_upstream
-0.001500000013038516,-0.19040480256080627,773.3048706054688,0.114143967628479,0.0,-0.114143967628479,1.3522727101429415,front_upstream
-0.001500000013038516,-0.19190405309200287,773.1679077148438,0.11526341736316681,0.0,-0.11526341736316681,1.352033204113257,front_upstream
-0.001500000013038516,-0.19340330362319946,773.0297241210938,0.11638718098402023,0.0,-0.11638718098402023,1.3517915634487268,front_upstream
-0.001500000013038516,-0.19490255415439606,772.8904418945312,0.11751531064510345,0.0,-0.11751531064510345,1.3515480016128352,front_upstream
-0.001500000013038516,-0.19640180468559265,772.7499389648438,0.11864787340164185,0.0,-0.11864787340164185,1.3513023051420983,front_upstream
-0.001500000013038516,-0.19790105521678925,772.6083374023438,0.11978490650653839,0.0,-0.11978490650653839,1.3510546875,front_upstream
-0.001500000013038516,-0.19940030574798584,772.4655151367188,0.12092643976211548,0.0,-0.12092643976211548,1.3508049352230562,front_upstream
-0.001500000013038516,-0.20089955627918243,772.3214721679688,0.1220724955201149,0.0,-0.1220724955201149,1.3505530483112667,front_upstream
-0.001500000013038516,-0.20239880681037903,772.1763305664062,0.12322309613227844,0.0,-0.12322309613227844,1.350299240228116,front_upstream
-0.001500000013038516,-0.20389805734157562,772.0299682617188,0.1243782639503479,0.0,-0.1243782639503479,1.3500432975101198,front_upstream
-0.001500000013038516,-0.20539730787277222,771.8824462890625,0.12553802132606506,0.0,-0.12553802132606506,1.34978532688902,front_upstream
-0.001500000013038516,-0.2068965584039688,771.7337036132812,0.12670236825942993,0.0,-0.12670236825942993,1.3495252216330749,front_upstream
-0.001500000013038516,-0.2083958089351654,771.5838012695312,0.12787126004695892,0.0,-0.12787126004695892,1.349263088474026,front_upstream
-0.001500000013038516,-0.209895059466362,771.4326782226562,0.12904471158981323,0.0,-0.12904471158981323,1.3489988206801315,front_upstream
-0.001500000013038516,-0.2113943099975586,771.2803955078125,0.13022275269031525,0.0,-0.13022275269031525,1.348732524983134,front_upstream
-0.001500000013038516,-0.2128935605287552,771.1268920898438,0.13140533864498138,0.0,-0.13140533864498138,1.3484640946512902,front_upstream
-0.001500000013038516,-0.2143927961587906,770.97216796875,0.13259249925613403,0.0,-0.13259249925613403,1.3481935296846013,front_upstream
-0.001500000013038516,-0.21589204668998718,770.8162841796875,0.1337842345237732,0.0,-0.1337842345237732,1.3479209368148086,front_upstream
-0.001500000013038516,-0.21739129722118378,770.6591796875,0.13498054444789886,0.0,-0.13498054444789886,1.3476462093101704,front_upstream
-0.001500000013038516,-0.21889054775238037,770.5008544921875,0.13618136942386627,0.0,-0.13618136942386627,1.3473693471706865,front_upstream
-0.001500000013038516,-0.22038979828357697,770.34130859375,0.13738664984703064,0.0,-0.13738664984703064,1.347090350396357,front_upstream
-0.001500000013038516,-0.22188904881477356,770.1805419921875,0.13859623670578003,0.0,-0.13859623670578003,1.3468092189871816,front_upstream
-0.001500000013038516,-0.22338829934597015,770.0185546875,0.1398099958896637,0.0,-0.1398099958896637,1.3465259529431608,front_upstream
-0.001500000013038516,-0.22488754987716675,769.8552856445312,0.1410277783870697,0.0,-0.1410277783870697,1.3462404455325518,front_upstream
-0.001500000013038516,-0.22638680040836334,769.6908569335938,0.1422494351863861,0.0,-0.1422494351863861,1.3459529102188397,front_upstream
-0.001500000013038516,-0.22788605093955994,769.525146484375,0.14347486197948456,0.0,-0.14347486197948456,1.3456631335385394,front_upstream
-0.001500000013038516,-0.22938530147075653,769.3582153320312,0.1447039395570755,0.0,-0.1447039395570755,1.3453712222233936,front_upstream
-0.001500000013038516,-0.23088455200195312,769.1900634765625,0.14593656361103058,0.0,-0.14593656361103058,1.345077176273402,front_upstream
-0.001500000013038516,-0.23238380253314972,769.0206298828125,0.14717261493206024,0.0,-0.14717261493206024,1.3447808889568225,front_upstream
-0.001500000013038516,-0.2338830530643463,768.8499755859375,0.14841198921203613,0.0,-0.14841198921203613,1.3444824670053972,front_upstream
-0.001500000013038516,-0.2353823035955429,768.6780395507812,0.14965461194515228,0.0,-0.14965461194515228,1.344181803687384,front_upstream
-0.001500000013038516,-0.2368815541267395,768.5048828125,0.15090040862560272,0.0,-0.15090040862560272,1.3438790057345253,front_upstream
-0.001500000013038516,-0.2383808046579361,768.3304443359375,0.15214937925338745,0.0,-0.15214937925338745,1.3435739664150785,front_upstream
-0.001500000013038516,-0.2398800551891327,768.15478515625,0.15340140461921692,0.0,-0.15340140461921692,1.343266792460786,front_upstream
-0.001500000013038516,-0.24137930572032928,767.977783203125,0.15465648472309113,0.0,-0.15465648472309113,1.3429572704081634,front_upstream
-0.001500000013038516,-0.24287855625152588,767.799560546875,0.15591460466384888,0.0,-0.15591460466384888,1.342645613720695,front_upstream
-0.001500000013038516,-0.24437780678272247,767.6201171875,0.15717574954032898,0.0,-0.15717574954032898,1.342331822398381,front_upstream
-0.001500000013038516,-0.24587705731391907,767.4393310546875,0.15843993425369263,0.0,-0.15843993425369263,1.3420156829777365,front_upstream
-0.001500000013038516,-0.24737630784511566,767.2572631835938,0.159707173705101,0.0,-0.159707173705101,1.3416973021905043,front_upstream
-0.001500000013038516,-0.24887555837631226,767.073974609375,0.1609775274991989,0.0,-0.1609775274991989,1.3413767867684265,front_upstream
-0.001500000013038516,-0.25037482380867004,766.889404296875,0.16225099563598633,0.0,-0.16225099563598633,1.3410540299797606,front_upstream
-0.001500000013038516,-0.25187405943870544,766.7034912109375,0.16352760791778564,0.0,-0.16352760791778564,1.3407289250927645,front_upstream
-0.001500000013038516,-0.25337332487106323,766.5162963867188,0.16480742394924164,0.0,-0.16480742394924164,1.3404015788391803,front_upstream
-0.001500000013038516,-0.25487256050109863,766.327880859375,0.16609051823616028,0.0,-0.16609051823616028,1.3400720979507506,front_upstream
-0.001500000013038516,-0.2563718259334564,766.1381225585938,0.16737692058086395,0.0,-0.16737692058086395,1.3397402689639906,front_upstream
-0.001500000013038516,-0.2578710615634918,765.9470825195312,0.16866672039031982,0.0,-0.16866672039031982,1.3394061986106427,front_upstream
-0.001500000013038516,-0.2593703269958496,765.7546997070312,0.16995996236801147,0.0,-0.16995996236801147,1.3390697801589644,front_upstream
-0.001500000013038516,-0.260869562625885,765.5610961914062,0.17125675082206726,0.0,-0.17125675082206726,1.3387312270724405,front_upstream
-0.001500000013038516,-0.2623688280582428,765.3661499023438,0.17255711555480957,0.0,-0.17255711555480957,1.3383903258875864,front_upstream
-0.001500000013038516,-0.2638680636882782,765.1698608398438,0.17386114597320557,0.0,-0.17386114597320557,1.3380470766044021,front_upstream
-0.001500000013038516,-0.265367329120636,764.9722900390625,0.17516890168190002,0.0,-0.17516890168190002,1.3377015859546297,front_upstream
-0.001500000013038516,-0.2668665647506714,764.7734375,0.1764804869890213,0.0,-0.1764804869890213,1.3373538539382697,front_upstream
-0.001500000013038516,-0.2683658301830292,764.5731811523438,0.17779596149921417,0.0,-0.17779596149921417,1.3370036670918368,front_upstream
-0.001500000013038516,-0.2698650658130646,764.3717041015625,0.17911536991596222,0.0,-0.17911536991596222,1.3366513456105584,front_upstream
-0.001500000013038516,-0.27136433124542236,764.1688232421875,0.1804387867450714,0.0,-0.1804387867450714,1.3362965692992073,front_upstream
-0.001500000013038516,-0.27286356687545776,763.9646606445312,0.18176628649234772,0.0,-0.18176628649234772,1.3359395516212684,front_upstream
-0.001500000013038516,-0.27436283230781555,763.7591552734375,0.1830979436635971,0.0,-0.1830979436635971,1.3355801858449992,front_upstream
-0.001500000013038516,-0.27586206793785095,763.5523071289062,0.18443381786346436,0.0,-0.18443381786346436,1.3352184719704,front_upstream
-0.001500000013038516,-0.27736133337020874,763.3441162109375,0.18577398359775543,0.0,-0.18577398359775543,1.3348544099974702,front_upstream
-0.001500000013038516,-0.27886056900024414,763.1346435546875,0.1871185004711151,0.0,-0.1871185004711151,1.3344881066579526,front_upstream
-0.001500000013038516,-0.28035983443260193,762.9237670898438,0.18846747279167175,0.0,-0.18846747279167175,1.3341193484883624,front_upstream
-0.001500000013038516,-0.28185907006263733,762.7115478515625,0.18982091546058655,0.0,-0.18982091546058655,1.3337482422204419,front_upstream
-0.001500000013038516,-0.2833583354949951,762.4979858398438,0.19117890298366547,0.0,-0.19117890298366547,1.3333747878541913,front_upstream
-0.001500000013038516,-0.2848575711250305,762.2830810546875,0.19254149496555328,0.0,-0.19254149496555328,1.3329989853896105,front_upstream
-0.001500000013038516,-0.2863568067550659,762.0667724609375,0.19390876591205597,0.0,-0.19390876591205597,1.3326207280949571,front_upstream
-0.001500000013038516,-0.2878560721874237,761.84912109375,0.1952807754278183,0.0,-0.1952807754278183,1.3322401227019733,front_upstream
-0.001500000013038516,-0.2893553078174591,761.630126953125,0.19665759801864624,0.0,-0.19665759801864624,1.3318571692106596,front_upstream
-0.001500000013038516,-0.2908545732498169,761.4097290039062,0.19803927838802338,0.0,-0.19803927838802338,1.3314717608892732,front_upstream
-0.001500000013038516,-0.2923538088798523,761.18798828125,0.19942589104175568,0.0,-0.19942589104175568,1.3310840044695564,front_upstream
-0.001500000013038516,-0.2938530743122101,760.96484375,0.20081745088100433,0.0,-0.20081745088100433,1.3306937932197673,front_upstream
-0.001500000013038516,-0.2953523099422455,760.7403564453125,0.2022140473127365,0.0,-0.2022140473127365,1.3303012338716478,front_upstream
-0.001500000013038516,-0.29685157537460327,760.5144653320312,0.2036157101392746,0.0,-0.2036157101392746,1.329906219693456,front_upstream
-0.001500000013038516,-0.29835081100463867,760.2871704101562,0.20502246916294098,0.0,-0.20502246916294098,1.3295087506851915,front_upstream
-0.001500000013038516,-0.29985007643699646,760.0584716796875,0.20643438398838043,0.0,-0.20643438398838043,1.3291088268468545,front_upstream
-0.001500000013038516,-0.30134931206703186,759.8284301757812,0.20785148441791534,0.0,-0.20785148441791534,1.3287065549101873,front_upstream
-0.001500000013038516,-0.30284857749938965,759.596923828125,0.2092738002538681,0.0,-0.2092738002538681,1.3283017214117052,front_upstream
-0.001500000013038516,-0.30434781312942505,759.364013671875,0.21070139110088348,0.0,-0.21070139110088348,1.3278944330831506,front_upstream
-0.001500000013038516,-0.30584707856178284,759.1297607421875,0.21213431656360626,0.0,-0.21213431656360626,1.327484796656266,front_upstream
-0.001500000013038516,-0.30734631419181824,758.89404296875,0.21357256174087524,0.0,-0.21357256174087524,1.3270725986675662,front_upstream
-0.001500000013038516,-0.308845579624176,758.6568603515625,0.21501614153385162,0.0,-0.21501614153385162,1.3266578391170518,front_upstream
-0.001500000013038516,-0.3103448152542114,758.4183349609375,0.21646513044834137,0.0,-0.21646513044834137,1.3262407314682072,front_upstream
-0.001500000013038516,-0.3118440806865692,758.1783447265625,0.21791954338550568,0.0,-0.21791954338550568,1.3258210622575477,front_upstream
-0.001500000013038516,-0.3133433163166046,757.9369506835938,0.2193794548511505,0.0,-0.2193794548511505,1.3253989382168156,front_upstream
-0.001500000013038516,-0.3148425817489624,757.694091796875,0.22084487974643707,0.0,-0.22084487974643707,1.324974252614269,front_upstream
-0.001500000013038516,-0.3163418173789978,757.4498291015625,0.22231584787368774,0.0,-0.22231584787368774,1.3245471121816497,front_upstream
-0.001500000013038516,-0.3178410828113556,757.2040405273438,0.22379235923290253,0.0,-0.22379235923290253,1.3241173034554732,front_upstream
-0.001500000013038516,-0.319340318441391,756.9569091796875,0.2252744436264038,0.0,-0.2252744436264038,1.3236851466309665,front_upstream
-0.001500000013038516,-0.3208395838737488,756.708251953125,0.22676216065883636,0.0,-0.22676216065883636,1.3232503215129028,front_upstream
-0.001500000013038516,-0.3223388195037842,756.4581298828125,0.2282555252313614,0.0,-0.2282555252313614,1.3228129348330242,front_upstream
-0.001500000013038516,-0.32383808493614197,756.2066040039062,0.22975458204746246,0.0,-0.22975458204746246,1.322373093323073,front_upstream
-0.001500000013038516,-0.32533732056617737,755.9535522460938,0.23125940561294556,0.0,-0.23125940561294556,1.321930583519565,front_upstream
-0.001500000013038516,-0.32683658599853516,755.6990966796875,0.23276999592781067,0.0,-0.23276999592781067,1.3214856188859843,front_upstream
-0.001500000013038516,-0.32833582162857056,755.443115234375,0.23428645730018616,0.0,-0.23428645730018616,1.3210379859588464,front_upstream
-0.001500000013038516,-0.32983508706092834,755.1856689453125,0.23580890893936157,0.0,-0.23580890893936157,1.3205877914698938,front_upstream
-0.001500000013038516,-0.33133432269096375,754.9266967773438,0.23733747005462646,0.0,-0.23733747005462646,1.320134928687384,front_upstream
-0.001500000013038516,-0.33283358812332153,754.6661987304688,0.23887214064598083,0.0,-0.23887214064598083,1.3196793976113173,front_upstream
-0.001500000013038516,-0.33433282375335693,754.4042358398438,0.24041281640529633,0.0,-0.24041281640529633,1.3192213049734358,front_upstream
-0.001500000013038516,-0.3358320891857147,754.1407470703125,0.24195946753025055,0.0,-0.24195946753025055,1.318760544041997,front_upstream
-0.001500000013038516,-0.3373313248157501,753.8757934570312,0.2435120791196823,0.0,-0.2435120791196823,1.3182972215487436,front_upstream
-0.001500000013038516,-0.3388305902481079,753.6093139648438,0.24507062137126923,0.0,-0.24507062137126923,1.3178312307619329,front_upstream
-0.001500000013038516,-0.3403298258781433,753.34130859375,0.24663515388965607,0.0,-0.24663515388965607,1.3173625716815653,front_upstream
-0.001500000013038516,-0.3418290913105011,753.07177734375,0.24820572137832642,0.0,-0.24820572137832642,1.3168912443076404,front_upstream
-0.001500000013038516,-0.3433283269405365,752.8007202148438,0.24978242814540863,0.0,-0.24978242814540863,1.3164172486401586,front_upstream
-0.001500000013038516,-0.3448275923728943,752.5281372070312,0.2513652741909027,0.0,-0.2513652741909027,1.3159405846791197,front_upstream
-0.001500000013038516,-0.3463268280029297,752.2540283203125,0.25295430421829224,0.0,-0.25295430421829224,1.3154612524245235,front_upstream
-0.001500000013038516,-0.3478260934352875,751.9783325195312,0.25454965233802795,0.0,-0.25454965233802795,1.3149791451446282,front_upstream
-0.001500000013038516,-0.3493253290653229,751.7011108398438,0.25615131855010986,0.0,-0.25615131855010986,1.3144943695711757,front_upstream
-0.001500000013038516,-0.35082459449768066,751.42236328125,0.25775936245918274,0.0,-0.25775936245918274,1.314006925704166,front_upstream
-0.001500000013038516,-0.35232383012771606,751.1420288085938,0.25937384366989136,0.0,-0.25937384366989136,1.313516706811857,front_upstream
-0.001500000013038516,-0.35382309556007385,750.860107421875,0.2609952986240387,0.0,-0.2609952986240387,1.3130237128942486,front_upstream
-0.001500000013038516,-0.35532233119010925,750.5765991210938,0.2626229524612427,0.0,-0.2626229524612427,1.3125279439513409,front_upstream
-0.001500000013038516,-0.35682159662246704,750.2913818359375,0.2642654776573181,0.0,-0.2642654776573181,1.3120291865196492,front_upstream
-0.001500000013038516,-0.35832083225250244,750.0042724609375,0.2659149467945099,0.0,-0.2659149467945099,1.3115271204039467,front_upstream
-0.001500000013038516,-0.35982009768486023,749.7160034179688,0.2675556242465973,0.0,-0.2675556242465973,1.3110230263851408,front_upstream
-0.001500000013038516,-0.36131933331489563,749.4266967773438,0.2691987454891205,0.0,-0.2691987454891205,1.310517117926716,front_upstream
-0.001500000013038516,-0.3628185987472534,749.135498046875,0.27085328102111816,0.0,-0.27085328102111816,1.3100079007842806,front_upstream
-0.001500000013038516,-0.3643178343772888,748.8425903320312,0.2725173830986023,0.0,-0.2725173830986023,1.3094956951530612,front_upstream
-0.001500000013038516,-0.3658170998096466,748.5480346679688,0.2741893529891968,0.0,-0.2741893529891968,1.3089806077648003,front_upstream
-0.001500000013038516,-0.367316335439682,748.2518920898438,0.27586883306503296,0.0,-0.27586883306503296,1.3084627453512396,front_upstream
-0.001500000013038516,-0.3688156008720398,747.9540405273438,0.27755555510520935,0.0,-0.27755555510520935,1.3079418944488954,front_upstream
-0.001500000013038516,-0.3703148365020752,747.6546020507812,0.27924928069114685,0.0,-0.27924928069114685,1.3074182685212514,front_upstream
-0.001500000013038516,-0.371814101934433,747.353515625,0.2809499204158783,0.0,-0.2809499204158783,1.306891760836566,front_upstream
-0.001500000013038516,-0.3733133375644684,747.05078125,0.2826574444770813,0.0,-0.2826574444770813,1.306362371394839,front_upstream
-0.001500000013038516,-0.37481260299682617,746.7463989257812,0.28437188267707825,0.0,-0.28437188267707825,1.3058301001960702,front_upstream
-0.001500000013038516,-0.3763118386268616,746.4403686523438,0.28609317541122437,0.0,-0.28609317541122437,1.3052949472402597,front_upstream
-0.001500000013038516,-0.37781110405921936,746.1326904296875,0.28782135248184204,0.0,-0.28782135248184204,1.3047569125274077,front_upstream
-0.001500000013038516,-0.37931033968925476,745.8233642578125,0.2895563542842865,0.0,-0.2895563542842865,1.304215996057514,front_upstream
-0.001500000013038516,-0.38080960512161255,745.5123291015625,0.2912982404232025,0.0,-0.2912982404232025,1.3036720910988362,front_upstream
-0.001500000013038516,-0.38230884075164795,745.1995849609375,0.2930470407009125,0.0,-0.2930470407009125,1.3031251976513747,front_upstream
-0.001500000013038516,-0.38380810618400574,744.8851928710938,0.29480278491973877,0.0,-0.29480278491973877,1.3025754224468713,front_upstream
-0.001500000013038516,-0.38530734181404114,744.569091796875,0.296565443277359,0.0,-0.296565443277359,1.3020226587535841,front_upstream
-0.001500000013038516,-0.3868066072463989,744.2512817382812,0.29833507537841797,0.0,-0.29833507537841797,1.301466906571513,front_upstream
-0.001500000013038516,-0.3883058428764343,743.9317626953125,0.30011168122291565,0.0,-0.30011168122291565,1.3009081659006578,front_upstream
-0.001500000013038516,-0.3898051083087921,743.6105346679688,0.30189529061317444,0.0,-0.30189529061317444,1.3003464367410187,front_upstream
-0.001500000013038516,-0.3913043439388275,743.28759765625,0.3036859631538391,0.0,-0.3036859631538391,1.2997817190925958,front_upstream
-0.001500000013038516,-0.3928036093711853,742.9629516601562,0.3054836392402649,0.0,-0.3054836392402649,1.2992140129553889,front_upstream
-0.001500000013038516,-0.3943028450012207,742.6365356445312,0.30728840827941895,0.0,-0.30728840827941895,1.2986432115976556,front_upstream
-0.001500000013038516,-0.3958021104335785,742.308349609375,0.30910032987594604,0.0,-0.30910032987594604,1.2980693150193963,front_upstream
-0.001500000013038516,-0.3973013460636139,741.9784545898438,0.3109193444252014,0.0,-0.3109193444252014,1.297492429952353,front_upstream
-0.001500000013038516,-0.3988006114959717,741.6467895507812,0.31274551153182983,0.0,-0.31274551153182983,1.2969124496647833,front_upstream
-0.001500000013038516,-0.4002998471260071,741.3134155273438,0.3145788311958313,0.0,-0.3145788311958313,1.2963294808884298,front_upstream
-0.001500000013038516,-0.40179911255836487,740.9782104492188,0.316419392824173,0.0,-0.316419392824173,1.2957433101598077,front_upstream
-0.001500000013038516,-0.40329834818840027,740.6412353515625,0.31826725602149963,0.0,-0.31826725602149963,1.2951540442106595,front_upstream
-0.001500000013038516,-0.40479761362075806,740.302490234375,0.3201223909854889,0.0,-0.3201223909854889,1.294561683040985,front_upstream
-0.001500000013038516,-0.40629684925079346,739.9619140625,0.32198482751846313,0.0,-0.32198482751846313,1.293966119919042,front_upstream
-0.001500000013038516,-0.40779611468315125,739.6195678710938,0.32385462522506714,0.0,-0.32385462522506714,1.293367461576573,front_upstream
-0.001500000013038516,-0.40929535031318665,739.2754516601562,0.3257318437099457,0.0,-0.3257318437099457,1.2927657080135775,front_upstream
-0.001500000013038516,-0.41079461574554443,738.9295043945312,0.32761651277542114,0.0,-0.32761651277542114,1.2921607524983134,front_upstream
-0.001500000013038516,-0.41229385137557983,738.5817260742188,0.32950860261917114,0.0,-0.32950860261917114,1.291552595030781,front_upstream
-0.001500000013038516,-0.4137931168079376,738.2320556640625,0.33140820264816284,0.0,-0.33140820264816284,1.2909411288792376,front_upstream
-0.001500000013038516,-0.415292352437973,737.880615234375,0.33331531286239624,0.0,-0.33331531286239624,1.2903265675071682,front_upstream
-0.001500000013038516,-0.4167916178703308,737.52734375,0.33522993326187134,0.0,-0.33522993326187134,1.2897088041828302,front_upstream
-0.001500000013038516,-0.4182908535003662,737.1721801757812,0.3371521234512329,0.0,-0.3371521234512329,1.2890877321744814,front_upstream
-0.001500000013038516,-0.419790118932724,736.8151245117188,0.33908188343048096,0.0,-0.33908188343048096,1.2884633514821218,front_upstream
-0.001500000013038516,-0.4212893545627594,736.4562377929688,0.34101927280426025,0.0,-0.34101927280426025,1.2878357688374937,front_upstream
-0.001500000013038516,-0.4227886199951172,736.0955200195312,0.3429642915725708,0.0,-0.3429642915725708,1.287204984240597,front_upstream
-0.001500000013038516,-0.4242878556251526,735.7328491210938,0.344916969537735,0.0,-0.344916969537735,1.2865707842279475,front_upstream
-0.001500000013038516,-0.4257871210575104,735.3682861328125,0.3468773663043976,0.0,-0.3468773663043976,1.285933275531287,front_upstream
-0.001500000013038516,-0.4272863566875458,735.0018310546875,0.3488454222679138,0.0,-0.3488454222679138,1.2852924581506158,front_upstream
-0.001500000013038516,-0.4287855923175812,734.6334838867188,0.35082122683525085,0.0,-0.35082122683525085,1.2846483320859337,front_upstream
-0.001500000013038516,-0.43028485774993896,734.26318359375,0.35280483961105347,0.0,-0.35280483961105347,1.2840007906054984,front_upstream
-0.001500000013038516,-0.43178409337997437,733.8909912109375,0.35479632019996643,0.0,-0.35479632019996643,1.2833499404410524,front_upstream
-0.001500000013038516,-0.43328335881233215,733.5167846679688,0.35679569840431213,0.0,-0.35679569840431213,1.2826955681291112,front_upstream
-0.001500000013038516,-0.43478259444236755,733.1406860351562,0.35880303382873535,0.0,-0.35880303382873535,1.282037887133159,front_upstream
-0.001500000013038516,-0.43628185987472534,732.7626342773438,0.36081838607788086,0.0,-0.36081838607788086,1.281376790721454,front_upstream
-0.001500000013038516,-0.43778109550476074,732.382568359375,0.36284181475639343,0.0,-0.36284181475639343,1.2807121721622534,front_upstream
-0.001500000013038516,-0.43928036093711853,732.0006103515625,0.36487334966659546,0.0,-0.36487334966659546,1.2800442449190421,front_upstream
-0.001500000013038516,-0.44077959656715393,731.6165771484375,0.3669130504131317,0.0,-0.3669130504131317,1.279372688796593,front_upstream
-0.001500000013038516,-0.4422788619995117,731.2305908203125,0.36896103620529175,0.0,-0.36896103620529175,1.278697717258391,front_upstream
-0.001500000013038516,-0.4437780976295471,730.8425903320312,0.37101730704307556,0.0,-0.37101730704307556,1.2780192235726935,front_upstream
-0.001500000013038516,-0.4452773630619049,730.4525756835938,0.37308186292648315,0.0,-0.37308186292648315,1.2773372077395009,front_upstream
-0.001500000013038516,-0.4467765986919403,730.0606079101562,0.3751548230648041,0.0,-0.3751548230648041,1.276651776490555,front_upstream
-0.001500000013038516,-0.4482758641242981,729.66650390625,0.3772362172603607,0.0,-0.3772362172603607,1.2759626096306291,front_upstream
-0.001500000013038516,-0.4497750997543335,729.2704467773438,0.3793261647224426,0.0,-0.3793261647224426,1.2752700273549502,front_upstream
-0.001500000013038516,-0.4512743651866913,728.8722534179688,0.3814246654510498,0.0,-0.3814246654510498,1.2745737094682914,front_upstream
-0.001500000013038516,-0.4527736008167267,728.4720458984375,0.3835318386554718,0.0,-0.3835318386554718,1.2738738694341374,front_upstream
-0.001500000013038516,-0.4542728662490845,728.0697631835938,0.3856477439403534,0.0,-0.3856477439403534,1.2731704005207456,front_upstream
-0.001500000013038516,-0.4557721018791199,727.6654052734375,0.38777241110801697,0.0,-0.38777241110801697,1.272463302728116,front_upstream
-0.001500000013038516,-0.45727136731147766,727.2589721679688,0.3899059295654297,0.0,-0.3899059295654297,1.271752576056249,front_upstream
-0.001500000013038516,-0.45877060294151306,726.8504028320312,0.39204832911491394,0.0,-0.39204832911491394,1.271038113773402,front_upstream
-0.001500000013038516,-0.46026986837387085,726.4397583007812,0.3941997289657593,0.0,-0.3941997289657593,1.2703200226113174,front_upstream
-0.001500000013038516,-0.46176910400390625,726.0269775390625,0.39636021852493286,0.0,-0.39636021852493286,1.2695981958382527,front_upstream
-0.001500000013038516,-0.46326836943626404,725.612060546875,0.3985297977924347,0.0,-0.3985297977924347,1.2688726334542082,front_upstream
-0.001500000013038516,-0.46476760506629944,725.1950073242188,0.40070855617523193,0.0,-0.40070855617523193,1.2681433354591838,front_upstream
-0.001500000013038516,-0.4662668704986572,724.7758178710938,0.40289655327796936,0.0,-0.40289655327796936,1.2674103018531793,front_upstream
-0.001500000013038516,-0.4677661061286926,724.3544311523438,0.4050939083099365,0.0,-0.4050939083099365,1.2666734259044528,front_upstream
-0.001500000013038516,-0.4692653715610504,723.930908203125,0.4073006510734558,0.0,-0.4073006510734558,1.2659328143447461,front_upstream
-0.001500000013038516,-0.4707646071910858,723.505126953125,0.40951693058013916,0.0,-0.40951693058013916,1.2651882537105752,front_upstream
-0.001500000013038516,-0.4722638726234436,723.0772094726562,0.41174277663230896,0.0,-0.41174277663230896,1.2644399574654241,front_upstream
-0.001500000013038516,-0.473763108253479,722.6470947265625,0.41397824883461,0.0,-0.41397824883461,1.263687818877551,front_upstream
-0.001500000013038516,-0.4752623736858368,722.2147216796875,0.4162234663963318,0.0,-0.4162234663963318,1.2629317312152135,front_upstream
-0.001500000013038516,-0.4767616093158722,721.7800903320312,0.41847842931747437,0.0,-0.41847842931747437,1.2621716944784112,front_upstream
-0.001500000013038516,-0.47826087474823,721.34326171875,0.4207432270050049,0.0,-0.4207432270050049,1.2614078153988868,front_upstream
-0.001500000013038516,-0.4797601103782654,720.9041748046875,0.4230179786682129,0.0,-0.4230179786682129,1.2606399872448981,front_upstream
-0.001500000013038516,-0.48125937581062317,720.4628295898438,0.4253026843070984,0.0,-0.4253026843070984,1.2598682100164447,front_upstream
-0.001500000013038516,-0.48275861144065857,720.0191650390625,0.42759743332862854,0.0,-0.42759743332862854,1.2590923769817846,front_upstream
-0.001500000013038516,-0.48425787687301636,719.5732421875,0.4299023449420929,0.0,-0.4299023449420929,1.25831259487266,front_upstream
-0.001500000013038516,-0.48575711250305176,719.125,0.43221741914749146,0.0,-0.43221741914749146,1.2575287569573284,front_upstream
-0.001500000013038516,-0.48725637793540955,718.6744384765625,0.43454286456108093,0.0,-0.43454286456108093,1.2567408632357902,front_upstream
-0.001500000013038516,-0.48875561356544495,718.2216186523438,0.4368787109851837,0.0,-0.4368787109851837,1.2559490204397876,front_upstream
-0.001500000013038516,-0.49025487899780273,717.766357421875,0.4392250180244446,0.0,-0.4392250180244446,1.2551529083740935,front_upstream
-0.001500000013038516,-0.49175411462783813,717.3087768554688,0.4415818750858307,0.0,-0.4415818750858307,1.2543527405021926,front_upstream
-0.001500000013038516,-0.4932533800601959,716.848876953125,0.4439493417739868,0.0,-0.4439493417739868,1.253548516824085,front_upstream
-0.001500000013038516,-0.4947526156902313,716.3865356445312,0.44632747769355774,0.0,-0.44632747769355774,1.252740023876286,front_upstream
-0.001500000013038516,-0.4962518811225891,715.9218139648438,0.4487163722515106,0.0,-0.4487163722515106,1.251927368390538,front_upstream
-0.001500000013038516,-0.4977511167526245,715.4547119140625,0.4511161744594574,0.0,-0.4511161744594574,1.251110550366841,front_upstream
-0.001500000013038516,-0.4992503821849823,714.9851684570312,0.45352697372436523,0.0,-0.45352697372436523,1.2502894630734527,front_upstream
-0.001500000013038516,-0.5007496476173401,714.51318359375,0.45594877004623413,0.0,-0.45594877004623413,1.2494641065103729,front_upstream
-0.001500000013038516,-0.5022488832473755,714.038818359375,0.45838165283203125,0.0,-0.45838165283203125,1.2486345874093439,front_upstream
-0.001500000013038516,-0.5037481188774109,713.5618896484375,0.46082577109336853,0.0,-0.46082577109336853,1.2478005855751393,front_upstream
-0.001500000013038516,-0.5052473545074463,713.0825805664062,0.46328112483024597,0.0,-0.46328112483024597,1.2469624212029853,front_upstream
-0.001500000013038516,-0.5067466497421265,712.6007080078125,0.4657478332519531,0.0,-0.4657478332519531,1.2461197740976557,front_upstream
-0.001500000013038516,-0.5082458853721619,712.1163940429688,0.46822601556777954,0.0,-0.46822601556777954,1.2452728577226346,front_upstream
-0.001500000013038516,-0.5097451210021973,711.6295166015625,0.4707156717777252,0.0,-0.4707156717777252,1.2444214586144375,front_upstream
-0.001500000013038516,-0.5112443566322327,711.14013671875,0.4732168912887573,0.0,-0.4732168912887573,1.243565683504807,front_upstream
-0.001500000013038516,-0.5127436518669128,710.648193359375,0.4757298231124878,0.0,-0.4757298231124878,1.2427054256620005,front_upstream
-0.001500000013038516,-0.5142428874969482,710.1536865234375,0.47825443744659424,0.0,-0.47825443744659424,1.241840685086018,front_upstream
-0.001500000013038516,-0.5157421231269836,709.6566162109375,0.4807908833026886,0.0,-0.4807908833026886,1.2409714617768595,front_upstream
-0.001500000013038516,-0.517241358757019,709.156982421875,0.48333919048309326,0.0,-0.48333919048309326,1.2400977557345252,front_upstream
-0.001500000013038516,-0.5187406539916992,708.6547241210938,0.48589953780174255,0.0,-0.48589953780174255,1.2392194602272728,front_upstream
-0.001500000013038516,-0.5202398896217346,708.1498413085938,0.4884718954563141,0.0,-0.4884718954563141,1.238336575255102,front_upstream
-0.001500000013038516,-0.52173912525177,707.6422729492188,0.4910563826560974,0.0,-0.4910563826560974,1.237448994086271,front_upstream
-0.001500000013038516,-0.5232383608818054,707.1321411132812,0.4936530888080597,0.0,-0.4936530888080597,1.2365569301842638,front_upstream
-0.001500000013038516,-0.5247376561164856,706.6193237304688,0.4962621033191681,0.0,-0.4962621033191681,1.2356601700855963,front_upstream
-0.001500000013038516,-0.526236891746521,706.1038208007812,0.49888357520103455,0.0,-0.49888357520103455,1.2347587137902682,front_upstream
-0.001500000013038516,-0.5277361273765564,705.5855712890625,0.5015174746513367,0.0,-0.5015174746513367,1.2338524545665375,front_upstream
-0.001500000013038516,-0.5292353630065918,705.064697265625,0.5041639804840088,0.0,-0.5041639804840088,1.2329416058778884,front_upstream
-0.001500000013038516,-0.530734658241272,704.541015625,0.5068231225013733,0.0,-0.5068231225013733,1.2320258475290944,front_upstream
-0.001500000013038516,-0.5322338938713074,704.0146484375,0.5094950795173645,0.0,-0.5094950795173645,1.2311053929836397,front_upstream
-0.001500000013038516,-0.5337331295013428,703.4854736328125,0.5121799111366272,0.0,-0.5121799111366272,1.2301800287780402,front_upstream
-0.001500000013038516,-0.5352323651313782,702.9535522460938,0.5148776173591614,0.0,-0.5148776173591614,1.229249861644038,front_upstream
-0.001500000013038516,-0.5367316603660583,702.4188232421875,0.5175884366035461,0.0,-0.5175884366035461,1.2283147848498903,front_upstream
-0.001500000013038516,-0.5382308959960938,701.8812866210938,0.5203123688697815,0.0,-0.5203123688697815,1.227374798395598,front_upstream
-0.001500000013038516,-0.5397301316261292,701.3409423828125,0.523049533367157,0.0,-0.523049533367157,1.2264299022811604,front_upstream
-0.001500000013038516,-0.5412293672561646,700.7977294921875,0.5258000493049622,0.0,-0.5258000493049622,1.2254799897748356,front_upstream
-0.001500000013038516,-0.5427286624908447,700.2516479492188,0.5285640954971313,0.0,-0.5285640954971313,1.2245250608766234,front_upstream
-0.001500000013038516,-0.5442278981208801,699.7026977539062,0.5313416123390198,0.0,-0.5313416123390198,1.223565115586524,front_upstream
-0.001500000013038516,-0.5457271337509155,699.1508178710938,0.5341328382492065,0.0,-0.5341328382492065,1.2226000471727947,front_upstream
-0.001500000013038516,-0.5472263693809509,698.5960083007812,0.5369378328323364,0.0,-0.5369378328323364,1.2216298556354361,front_upstream
-0.001500000013038516,-0.5487256646156311,698.038330078125,0.539756715297699,0.0,-0.539756715297699,1.22065464770619,front_upstream
-0.001500000013038516,-0.5502249002456665,697.4776000976562,0.542589545249939,0.0,-0.542589545249939,1.2196741031898297,front_upstream
-0.001500000013038516,-0.5517241358757019,696.9139404296875,0.545436441898346,0.0,-0.545436441898346,1.2186884355498397,front_upstream
-0.001500000013038516,-0.5532233715057373,696.3472900390625,0.5482975244522095,0.0,-0.5482975244522095,1.2176975380544781,front_upstream
-0.001500000013038516,-0.5547226667404175,695.7776489257812,0.5511728525161743,0.0,-0.5511728525161743,1.2167014107037444,front_upstream
-0.001500000013038516,-0.5562219023704529,695.2049560546875,0.5540624856948853,0.0,-0.5540624856948853,1.2156999467658964,front_upstream
-0.001500000013038516,-0.5577211380004883,694.6292114257812,0.5569666624069214,0.0,-0.5569666624069214,1.2146931462409345,front_upstream
-0.001500000013038516,-0.5592203736305237,694.0504150390625,0.5598853826522827,0.0,-0.5598853826522827,1.2136810091288581,front_upstream
-0.001500000013038516,-0.5607196688652039,693.468505859375,0.5628188252449036,0.0,-0.5628188252449036,1.2126634286979254,front_upstream
-0.001500000013038516,-0.5622189044952393,692.8834838867188,0.5657669901847839,0.0,-0.5657669901847839,1.2116404049481364,front_upstream
-0.001500000013038516,-0.5637181401252747,692.2953491210938,0.5687300562858582,0.0,-0.5687300562858582,1.2106119378794906,front_upstream
-0.001500000013038516,-0.5652173757553101,691.7040405273438,0.571708083152771,0.0,-0.571708083152771,1.2095779207602464,front_upstream
-0.001500000013038516,-0.5667166709899902,691.1095581054688,0.574701189994812,0.0,-0.574701189994812,1.208538353590403,front_upstream
-0.001500000013038516,-0.5682159066200256,690.5119018554688,0.5777094960212708,0.0,-0.5777094960212708,1.2074932363699613,front_upstream
-0.001500000013038516,-0.569715142250061,689.9110107421875,0.5807331800460815,0.0,-0.5807331800460815,1.2064424623671783,front_upstream
-0.001500000013038516,-0.5712143778800964,689.3069458007812,0.5837723016738892,0.0,-0.5837723016738892,1.2053861383137967,front_upstream
-0.001500000013038516,-0.5727136135101318,688.6995239257812,0.5868269801139832,0.0,-0.5868269801139832,1.2043239440145894,front_upstream
-0.001500000013038516,-0.574212908744812,688.0889282226562,0.5898973941802979,0.0,-0.5898973941802979,1.2032561996647833,front_upstream
-0.001500000013038516,-0.5757121443748474,687.4749755859375,0.592983603477478,0.0,-0.592983603477478,1.2021825850691517,front_upstream
-0.001500000013038516,-0.5772113800048828,686.8577270507812,0.5960857272148132,0.0,-0.5960857272148132,1.2011032069594367,front_upstream
-0.001500000013038516,-0.5787106156349182,686.2371215820312,0.5992040038108826,0.0,-0.5992040038108826,1.2000179586038962,front_upstream
-0.001500000013038516,-0.5802099108695984,685.6131591796875,0.602338433265686,0.0,-0.602338433265686,1.19892684000253,front_upstream
-0.001500000013038516,-0.5817091464996338,684.9857788085938,0.6054891347885132,0.0,-0.6054891347885132,1.197829744423596,front_upstream
-0.001500000013038516,-0.5832083821296692,684.35498046875,0.6086563467979431,0.0,-0.6086563467979431,1.196726671867094,front_upstream
-0.001500000013038516,-0.5847076177597046,683.7207641601562,0.6118401885032654,0.0,-0.6118401885032654,1.1956176223330242,front_upstream
-0.001500000013038516,-0.5862069129943848,683.0830688476562,0.61504065990448,0.0,-0.61504065990448,1.194502489089644,front_upstream
-0.001500000013038516,-0.5877061486244202,682.4419555664062,0.618257999420166,0.0,-0.618257999420166,1.1933813788686962,front_upstream
-0.001500000013038516,-0.5892053842544556,681.7972412109375,0.6214922666549683,0.0,-0.6214922666549683,1.1922539714749536,front_upstream
-0.001500000013038516,-0.590704619884491,681.1490478515625,0.6247437000274658,0.0,-0.6247437000274658,1.1911204803719009,front_upstream
-0.001500000013038516,-0.5922039151191711,680.4972534179688,0.6280124187469482,0.0,-0.6280124187469482,1.1899806920960534,front_upstream
-0.001500000013038516,-0.5937031507492065,679.8419189453125,0.6312985420227051,0.0,-0.6312985420227051,1.1888347133791533,front_upstream
-0.001500000013038516,-0.5952023863792419,679.1829223632812,0.6346022486686707,0.0,-0.6346022486686707,1.1876823307577165,front_upstream
-0.001500000013038516,-0.5967016220092773,678.5203247070312,0.6379235982894897,0.0,-0.6379235982894897,1.1865236509634847,front_upstream
-0.001500000013038516,-0.5982009172439575,677.8540649414062,0.6412628293037415,0.0,-0.6412628293037415,1.1853585672647158,front_upstream
-0.001500000013038516,-0.5997001528739929,677.18408203125,0.6446200609207153,0.0,-0.6446200609207153,1.1841869729296677,front_upstream
-0.001500000013038516,-0.6011993885040283,676.5104370117188,0.6479954123497009,0.0,-0.6479954123497009,1.1830089746900827,front_upstream
-0.001500000013038516,-0.6026986241340637,675.8330078125,0.6513891220092773,0.0,-0.6513891220092773,1.181824359082476,front_upstream
-0.001500000013038516,-0.6041979193687439,675.1517944335938,0.6548012495040894,0.0,-0.6548012495040894,1.1806331261068477,front_upstream
-0.001500000013038516,-0.6056971549987793,674.4668579101562,0.6582319736480713,0.0,-0.6582319736480713,1.1794353824949402,front_upstream
-0.001500000013038516,-0.6071963906288147,673.7780151367188,0.6616814732551575,0.0,-0.6616814732551575,1.1782308080515265,front_upstream
-0.001500000013038516,-0.6086956262588501,673.0853271484375,0.6651499271392822,0.0,-0.6651499271392822,1.1770195095083489,front_upstream
-0.001500000013038516,-0.6101949214935303,672.3887939453125,0.6686374545097351,0.0,-0.6686374545097351,1.1758014868654074,front_upstream
-0.001500000013038516,-0.6116941571235657,671.6882934570312,0.6721442341804504,0.0,-0.6721442341804504,1.1745765266592174,front_upstream
-0.001500000013038516,-0.6131933927536011,670.98388671875,0.6756705045700073,0.0,-0.6756705045700073,1.1733447356215214,front_upstream
-0.001500000013038516,-0.6146926283836365,670.2755126953125,0.6792163848876953,0.0,-0.6792163848876953,1.1721060070205769,front_upstream
-0.001500000013038516,-0.6161919236183167,669.5631103515625,0.682781994342804,0.0,-0.682781994342804,1.1708602341246417,front_upstream
-0.001500000013038516,-0.617691159248352,668.8466796875,0.6863675117492676,0.0,-0.6863675117492676,1.1696074169337156,front_upstream
-0.001500000013038516,-0.6191903948783875,668.126220703125,0.6899731159210205,0.0,-0.6899731159210205,1.168347555447799,front_upstream
-0.001500000013038516,-0.6206896305084229,667.401611328125,0.6935990452766418,0.0,-0.6935990452766418,1.167080436203407,front_upstream
-0.001500000013038516,-0.622188925743103,666.6729125976562,0.6972453594207764,0.0,-0.6972453594207764,1.165806165932282,front_upstream
-0.001500000013038516,-0.6236881613731384,665.9400634765625,0.7009122967720032,0.0,-0.7009122967720032,1.1645246379026817,front_upstream
-0.001500000013038516,-0.6251873970031738,665.2030029296875,0.7046000957489014,0.0,-0.7046000957489014,1.163235745382864,front_upstream
-0.001500000013038516,-0.6266866326332092,664.4617309570312,0.7083089351654053,0.0,-0.7083089351654053,1.1619394883728285,front_upstream
-0.001500000013038516,-0.6281859278678894,663.7161865234375,0.7120389342308044,0.0,-0.7120389342308044,1.1606357601408333,front_upstream
-0.001500000013038516,-0.6296851634979248,662.9663696289062,0.7157902717590332,0.0,-0.7157902717590332,1.159324560686878,front_upstream
-0.001500000013038516,-0.6311843991279602,662.2122192382812,0.7195631265640259,0.0,-0.7195631265640259,1.1580057832792208,front_upstream
-0.001500000013038516,-0.6326836347579956,661.4537353515625,0.7233577370643616,0.0,-0.7233577370643616,1.1566794279178614,front_upstream
-0.001500000013038516,-0.6341829299926758,660.6908569335938,0.7271742820739746,0.0,-0.7271742820739746,1.1553453878710576,front_upstream
-0.001500000013038516,-0.6356821656227112,659.923583984375,0.7310130596160889,0.0,-0.7310130596160889,1.1540036631388093,front_upstream
-0.001500000013038516,-0.6371814012527466,659.1517944335938,0.7348741888999939,0.0,-0.7348741888999939,1.152654040257632,front_upstream
-0.001500000013038516,-0.638680636882782,658.3755493164062,0.738757848739624,0.0,-0.738757848739624,1.151296625959268,front_upstream
-0.001500000013038516,-0.6401799321174622,657.5947265625,0.7426642775535583,0.0,-0.7426642775535583,1.1499312067802328,front_upstream
-0.001500000013038516,-0.6416791677474976,656.8093872070312,0.746593713760376,0.0,-0.746593713760376,1.1485578894522686,front_upstream
-0.001500000013038516,-0.643178403377533,656.0194091796875,0.7505463361740112,0.0,-0.7505463361740112,1.1471764605118908,front_upstream
-0.001500000013038516,-0.6446776390075684,655.2247924804688,0.7545223236083984,0.0,-0.7545223236083984,1.1457869199590993,front_upstream
-0.001500000013038516,-0.6461769342422485,654.425537109375,0.7585219144821167,0.0,-0.7585219144821167,1.1443892677938945,front_upstream
-0.001500000013038516,-0.6476761698722839,653.6215209960938,0.7625453472137451,0.0,-0.7625453472137451,1.1429832905527915,front_upstream
-0.001500000013038516,-0.6491754055023193,652.812744140625,0.7665928602218628,0.0,-0.7665928602218628,1.1415689882357902,front_upstream
-0.001500000013038516,-0.6506746411323547,651.9991455078125,0.770664632320404,0.0,-0.770664632320404,1.1401462541111487,front_upstream
-0.001500000013038516,-0.6521739363670349,651.1807250976562,0.7747609615325928,0.0,-0.7747609615325928,1.1387150881788666,front_upstream
-0.001500000013038516,-0.6536731719970703,650.357421875,0.7788820862770081,0.0,-0.7788820862770081,1.1372753837072018,front_upstream
-0.001500000013038516,-0.6551724076271057,649.5292358398438,0.7830281853675842,0.0,-0.7830281853675842,1.1358271406961546,front_upstream
-0.001500000013038516,-0.6566716432571411,648.696044921875,0.7871995568275452,0.0,-0.7871995568275452,1.13437014568224,front_upstream
-0.001500000013038516,-0.6581709384918213,647.8578491210938,0.7913963794708252,0.0,-0.7913963794708252,1.132904398665458,front_upstream
-0.001500000013038516,-0.6596701741218567,647.0146484375,0.7956188917160034,0.0,-0.7956188917160034,1.1314298996458088,front_upstream
-0.001500000013038516,-0.6611694097518921,646.1663208007812,0.7998675107955933,0.0,-0.7998675107955933,1.1299464351598079,front_upstream
-0.001500000013038516,-0.6626686453819275,645.3128662109375,0.804142415523529,0.0,-0.804142415523529,1.128454005207455,front_upstream
-0.001500000013038516,-0.6641679406166077,644.4542236328125,0.8084437847137451,0.0,-0.8084437847137451,1.126952503057008,front_upstream
-0.001500000013038516,-0.6656671762466431,643.59033203125,0.8127719163894653,0.0,-0.8127719163894653,1.1254418219767246,front_upstream
-0.001500000013038516,-0.6671664118766785,642.72119140625,0.8171271681785583,0.0,-0.8171271681785583,1.1239219619666048,front_upstream
-0.001500000013038516,-0.6686656475067139,641.8467407226562,0.8215096592903137,0.0,-0.8215096592903137,1.1223928162949064,front_upstream
-0.001500000013038516,-0.670164942741394,640.9669189453125,0.8259197473526001,0.0,-0.8259197473526001,1.1208542782298871,front_upstream
-0.001500000013038516,-0.6716641783714294,640.0816650390625,0.8303576707839966,0.0,-0.8303576707839966,1.1193062410398045,front_upstream
-0.001500000013038516,-0.6731634140014648,639.1909790039062,0.8348236680030823,0.0,-0.8348236680030823,1.1177487047246586,front_upstream
-0.001500000013038516,-0.6746626496315002,638.2947998046875,0.8393181562423706,0.0,-0.8393181562423706,1.1161815625527072,front_upstream
-0.001500000013038516,-0.6761619448661804,637.3930053710938,0.8438413143157959,0.0,-0.8438413143157959,1.1146046010604655,front_upstream
-0.001500000013038516,-0.6776611804962158,636.4856567382812,0.8483934998512268,0.0,-0.8483934998512268,1.1130179269796763,front_upstream
-0.001500000013038516,-0.6791604161262512,635.5726318359375,0.8529749512672424,0.0,-0.8529749512672424,1.1114213268468545,front_upstream
-0.001500000013038516,-0.6806596517562866,634.6538696289062,0.8575860857963562,0.0,-0.8575860857963562,1.109814693930258,front_upstream
-0.001500000013038516,-0.6821589469909668,633.7293090820312,0.8622270822525024,0.0,-0.8622270822525024,1.1081979214981448,front_upstream
-0.001500000013038516,-0.6836581826210022,632.7990112304688,0.8668982982635498,0.0,-0.8668982982635498,1.1065711162822567,front_upstream
-0.001500000013038516,-0.6851574182510376,631.86279296875,0.8715999722480774,0.0,-0.8715999722480774,1.1049339580873672,front_upstream
-0.001500000013038516,-0.686656653881073,630.920654296875,0.8763325214385986,0.0,-0.8763325214385986,1.1032864469134762,front_upstream
-0.001500000013038516,-0.6881559491157532,629.9725341796875,0.8810963034629822,0.0,-0.8810963034629822,1.1016284760288413,front_upstream
-0.001500000013038516,-0.6896551847457886,629.0183715820312,0.8858916163444519,0.0,-0.8858916163444519,1.0999599387017205,front_upstream
-0.001500000013038516,-0.691154420375824,628.05810546875,0.8907186985015869,0.0,-0.8907186985015869,1.098280728200371,front_upstream
-0.001500000013038516,-0.6926536560058594,627.0917358398438,0.8955780267715454,0.0,-0.8955780267715454,1.0965908445247934,front_upstream
-0.001500000013038516,-0.6941529512405396,626.1190795898438,0.9004698991775513,0.0,-0.9004698991775513,1.0948899674797605,front_upstream
-0.001500000013038516,-0.695652186870575,625.1401977539062,0.9053946733474731,0.0,-0.9053946733474731,1.0931782037970148,front_upstream
-0.001500000013038516,-0.6971514225006104,624.1549682617188,0.9103526473045349,0.0,-0.9103526473045349,1.0914553400130713,front_upstream
-0.001500000013038516,-0.6986506581306458,623.163330078125,0.9153441786766052,0.0,-0.9153441786766052,1.0897212693961882,front_upstream
-0.001500000013038516,-0.7001499533653259,622.1652221679688,0.9203697443008423,0.0,-0.9203697443008423,1.087975885214623,front_upstream
-0.001500000013038516,-0.7016491889953613,621.16064453125,0.92542964220047,0.0,-0.92542964220047,1.0862191874683758,front_upstream
-0.001500000013038516,-0.7031484246253967,620.1494140625,0.9305242896080017,0.0,-0.9305242896080017,1.0844508559622197,front_upstream
-0.001500000013038516,-0.7046476602554321,619.131591796875,0.9356539845466614,0.0,-0.9356539845466614,1.0826709974278967,front_upstream
-0.001500000013038516,-0.7061469554901123,618.1069946289062,0.940819263458252,0.0,-0.940819263458252,1.0808792916701806,front_upstream
-0.001500000013038516,-0.7076461911201477,617.0756225585938,0.9460204839706421,0.0,-0.9460204839706421,1.0790757386890708,front_upstream
-0.001500000013038516,-0.7091454267501831,616.0374145507812,0.9512579441070557,0.0,-0.9512579441070557,1.077260231752825,front_upstream
-0.001500000013038516,-0.7106446623802185,614.9922485351562,0.9565321207046509,0.0,-0.9565321207046509,1.0754325573979593,front_upstream
-0.001500000013038516,-0.7121439576148987,613.9401245117188,0.9618433713912964,0.0,-0.9618433713912964,1.073592715624473,front_upstream
-0.001500000013038516,-0.7136431932449341,612.8809204101562,0.9671921730041504,0.0,-0.9671921730041504,1.0717404929688819,front_upstream
-0.001500000013038516,-0.7151424288749695,611.8145751953125,0.9725789427757263,0.0,-0.9725789427757263,1.0698757826994434,front_upstream
-0.001500000013038516,-0.7166416645050049,610.7410278320312,0.9780040979385376,0.0,-0.9780040979385376,1.0679984780844156,front_upstream
-0.001500000013038516,-0.7181409001350403,609.6602172851562,0.9834680557250977,0.0,-0.9834680557250977,1.066108472392056,front_upstream
-0.001500000013038516,-0.7196401953697205,608.572021484375,0.9889713525772095,0.0,-0.9889713525772095,1.06420555215888,front_upstream
-0.001500000013038516,-0.7211394309997559,607.4763793945312,0.9945143461227417,0.0,-0.9945143461227417,1.0622896106531456,front_upstream
-0.001500000013038516,-0.7226386666297913,606.3732299804688,1.000097632408142,0.0,-1.000097632408142,1.06036054114311,front_upstream
-0.001500000013038516,-0.7241379022598267,605.262451171875,1.0057215690612793,0.0,-1.0057215690612793,1.0584181301652893,front_upstream
-0.001500000013038516,-0.7256371974945068,604.1439819335938,1.0113866329193115,0.0,-1.0113866329193115,1.0564622709879408,front_upstream
-0.001500000013038516,-0.7271364331245422,603.017822265625,1.017093300819397,0.0,-1.017093300819397,1.0544929636110643,front_upstream
-0.001500000013038516,-0.7286356687545776,601.8837890625,1.0228419303894043,0.0,-1.0228419303894043,1.0525098878394334,front_upstream
-0.001500000013038516,-0.730134904384613,600.7418212890625,1.0286333560943604,0.0,-1.0286333560943604,1.0505129369413055,front_upstream
-0.001500000013038516,-0.7316341996192932,599.591796875,1.0344678163528442,0.0,-1.0344678163528442,1.048501897453196,front_upstream
-0.001500000013038516,-0.7331334352493286,598.4337158203125,1.0403457880020142,0.0,-1.0403457880020142,1.0464767693751054,front_upstream
-0.001500000013038516,-0.734632670879364,597.2674560546875,1.0462679862976074,0.0,-1.0462679862976074,1.0444373392435486,front_upstream
-0.001500000013038516,-0.7361319065093994,596.0928955078125,1.0522348880767822,0.0,-1.0522348880767822,1.0423833935950413,front_upstream
-0.001500000013038516,-0.7376312017440796,594.9099731445312,1.0582469701766968,0.0,-1.0582469701766968,1.0403148256978412,front_upstream
-0.001500000013038516,-0.739130437374115,593.7185668945312,1.0643047094345093,0.0,-1.0643047094345093,1.0382314220884634,front_upstream
-0.001500000013038516,-0.7406296730041504,592.5186157226562,1.0704087018966675,0.0,-1.0704087018966675,1.0361330760351661,front_upstream
-0.001500000013038516,-0.7421289086341858,591.3099975585938,1.0765596628189087,0.0,-1.0765596628189087,1.0340195740744644,front_upstream
-0.001500000013038516,-0.743628203868866,590.0926513671875,1.0827580690383911,0.0,-1.0827580690383911,1.0318908094746164,front_upstream
-0.001500000013038516,-0.7451274394989014,588.866455078125,1.089004397392273,0.0,-1.089004397392273,1.029746568772137,front_upstream
-0.001500000013038516,-0.7466266751289368,587.6312866210938,1.095299243927002,0.0,-1.095299243927002,1.027586638503542,front_upstream
-0.001500000013038516,-0.7481259107589722,586.3870239257812,1.101643443107605,0.0,-1.101643443107605,1.0254108052053466,front_upstream
-0.001500000013038516,-0.7496252059936523,585.1336669921875,1.1080373525619507,0.0,-1.1080373525619507,1.023219068877551,front_upstream
-0.001500000013038516,-0.7511244416236877,583.8710327148438,1.1144816875457764,0.0,-1.1144816875457764,1.0210111093249283,front_upstream
-0.001500000013038516,-0.7526236772537231,582.5989990234375,1.1209772825241089,0.0,-1.1209772825241089,1.018786713083994,front_upstream
-0.001500000013038516,-0.7541229128837585,581.3174438476562,1.127524495124817,0.0,-1.127524495124817,1.0165456666912633,front_upstream
-0.001500000013038516,-0.7556222081184387,580.0263671875,1.1341243982315063,0.0,-1.1341243982315063,1.0142879701467364,front_upstream
-0.001500000013038516,-0.7571214437484741,578.7255249023438,1.140777349472046,0.0,-1.140777349472046,1.0120131965234442,front_upstream
-0.001500000013038516,-0.7586206793785095,577.4148559570312,1.1474840641021729,0.0,-1.1474840641021729,1.0097212390896442,front_upstream
-0.001500000013038516,-0.7601199150085449,576.09423828125,1.1542454957962036,0.0,-1.1542454957962036,1.007411884381852,front_upstream
-0.001500000013038516,-0.7616192102432251,574.7634887695312,1.1610621213912964,0.0,-1.1610621213912964,1.0050848122048406,front_upstream
-0.001500000013038516,-0.7631184458732605,573.422607421875,1.1679346561431885,0.0,-1.1679346561431885,1.0027400225586103,front_upstream
-0.001500000013038516,-0.7646176815032959,572.0714111328125,1.1748639345169067,0.0,-1.1748639345169067,1.000377195247934,front_upstream
-0.001500000013038516,-0.7661169171333313,570.709716796875,1.181850790977478,0.0,-1.181850790977478,0.9979960100775848,front_upstream
-0.001500000013038516,-0.7676162123680115,569.3374633789062,1.1888959407806396,0.0,-1.1888959407806396,0.9955963603158205,front_upstream
-0.001500000013038516,-0.7691154479980469,567.9544677734375,1.1960002183914185,0.0,-1.1960002183914185,0.9931779257674145,front_upstream
-0.001500000013038516,-0.7706146836280823,566.5606079101562,1.2031645774841309,0.0,-1.2031645774841309,0.9907404929688818,front_upstream
-0.001500000013038516,-0.7721139192581177,565.15576171875,1.210389494895935,0.0,-1.210389494895935,0.9882838484567381,front_upstream
-0.001500000013038516,-0.7736132144927979,563.7398071289062,1.2176759243011475,0.0,-1.2176759243011475,0.9858077787674988,front_upstream
-0.001500000013038516,-0.7751124501228333,562.3125610351562,1.2250248193740845,0.0,-1.2250248193740845,0.983311963705937,front_upstream
-0.001500000013038516,-0.7766116857528687,560.8739013671875,1.232437014579773,0.0,-1.232437014579773,0.9807961898085681,front_upstream
-0.001500000013038516,-0.778110921382904,559.4237060546875,1.2399134635925293,0.0,-1.2399134635925293,0.9782602436119077,front_upstream
-0.001500000013038516,-0.7796102166175842,557.9617309570312,1.2474548816680908,0.0,-1.2474548816680908,0.9757036981889864,front_upstream
-0.001500000013038516,-0.7811094522476196,556.4879150390625,1.2550623416900635,0.0,-1.2550623416900635,0.9731264468080622,front_upstream
-0.001500000013038516,-0.782608687877655,555.0020141601562,1.2627367973327637,0.0,-1.2627367973327637,0.9705280625421656,front_upstream
-0.001500000013038516,-0.7841079235076904,553.5039672851562,1.2704790830612183,0.0,-1.2704790830612183,0.9679084386595548,front_upstream
-0.001500000013038516,-0.7856072187423706,551.9935302734375,1.2782903909683228,0.0,-1.2782903909683228,0.9652671482332603,front_upstream
-0.001500000013038516,-0.787106454372406,550.4705810546875,1.286171555519104,0.0,-1.286171555519104,0.9626039777997977,front_upstream
-0.001500000013038516,-0.7886056900024414,548.9348754882812,1.2941237688064575,0.0,-1.2941237688064575,0.9599185004321977,front_upstream
-0.001500000013038516,-0.7901049256324768,547.3863525390625,1.3021478652954102,0.0,-1.3021478652954102,0.9572106093987182,front_upstream
-0.001500000013038516,-0.791604220867157,545.8247680664062,1.3102450370788574,0.0,-1.3102450370788574,0.95447987777239,front_upstream
-0.001500000013038516,-0.7931034564971924,544.2498779296875,1.3184163570404053,0.0,-1.3184163570404053,0.9517258786262439,front_upstream
-0.001500000013038516,-0.7946026921272278,542.66162109375,1.3266630172729492,0.0,-1.3266630172729492,0.9489485052285377,front_upstream
-0.001500000013038516,-0.7961019277572632,541.0597534179688,1.3349859714508057,0.0,-1.3349859714508057,0.9461473306523023,front_upstream
-0.001500000013038516,-0.7976012229919434,539.4440307617188,1.3433866500854492,0.0,-1.3433866500854492,0.9433219279705685,front_upstream
-0.001500000013038516,-0.7991004586219788,537.8143310546875,1.3518662452697754,0.0,-1.3518662452697754,0.9404720837198516,front_upstream
-0.001500000013038516,-0.8005996942520142,536.17041015625,1.3604257106781006,0.0,-1.3604257106781006,0.9375973709731827,front_upstream
-0.001500000013038516,-0.8020989298820496,534.5120849609375,1.3690664768218994,0.0,-1.3690664768218994,0.9346974695353348,front_upstream
-0.001500000013038516,-0.8035982251167297,532.839111328125,1.377789855003357,0.0,-1.377789855003357,0.9317719524793389,front_upstream
-0.001500000013038516,-0.8050974607467651,531.1512451171875,1.3865971565246582,0.0,-1.3865971565246582,0.9288203928782257,front_upstream
-0.001500000013038516,-0.8065966963768005,529.4483642578125,1.3954898118972778,0.0,-1.3954898118972778,0.9258425772685107,front_upstream
-0.001500000013038516,-0.8080959320068359,527.7301635742188,1.4044690132141113,0.0,-1.4044690132141113,0.9228379719914825,front_upstream
-0.001500000013038516,-0.8095952272415161,525.9963989257812,1.4135361909866333,0.0,-1.4135361909866333,0.9198061501201721,front_upstream
-0.001500000013038516,-0.8110944628715515,524.2468872070312,1.4226927757263184,0.0,-1.4226927757263184,0.9167467914593523,front_upstream
-0.001500000013038516,-0.8125936985015869,522.4813232421875,1.4319403171539307,0.0,-1.4319403171539307,0.9136593623503121,front_upstream
-0.001500000013038516,-0.8140929341316223,520.6995239257812,1.441280484199524,0.0,-1.441280484199524,0.9105435425978243,front_upstream
-0.001500000013038516,-0.8155922293663025,518.9012451171875,1.4507144689559937,0.0,-1.4507144689559937,0.90739890527492,front_upstream
-0.001500000013038516,-0.8170914649963379,517.0861206054688,1.460244059562683,0.0,-1.460244059562683,0.9042248099911453,front_upstream
-0.001500000013038516,-0.8185907006263733,515.2539672851562,1.4698708057403564,0.0,-1.4698708057403564,0.9010209365512735,front_upstream
-0.001500000013038516,-0.8200899362564087,513.404541015625,1.4795963764190674,0.0,-1.4795963764190674,0.8977868580283354,front_upstream
-0.001500000013038516,-0.8215892314910889,511.5374450683594,1.4894224405288696,0.0,-1.4894224405288696,0.8945218806660061,front_upstream
-0.001500000013038516,-0.8230884671211243,509.65252685546875,1.4993507862091064,0.0,-1.4993507862091064,0.8912257376349301,front_upstream
-0.001500000013038516,-0.8245877027511597,507.7493896484375,1.5093833208084106,0.0,-1.5093833208084106,0.8878977351787823,front_upstream
-0.001500000013038516,-0.8260869383811951,505.82781982421875,1.519521713256836,0.0,-1.519521713256836,0.8845374997364649,front_upstream
-0.001500000013038516,-0.8275862336158752,503.8874206542969,1.5297679901123047,0.0,-1.5297679901123047,0.8811443375516529,front_upstream
-0.001500000013038516,-0.8290854692459106,501.9279479980469,1.5401239395141602,0.0,-1.5401239395141602,0.8777178216973773,front_upstream
-0.001500000013038516,-0.830584704875946,499.9490661621094,1.5505917072296143,0.0,-1.5505917072296143,0.8742573651490555,front_upstream
-0.001500000013038516,-0.8320839405059814,497.95037841796875,1.5611733198165894,0.0,-1.5611733198165894,0.8707622741503627,front_upstream
-0.001500000013038516,-0.8335832357406616,495.931640625,1.5718708038330078,0.0,-1.5718708038330078,0.8672321217743296,front_upstream
-0.001500000013038516,-0.835082471370697,493.8924255371094,1.582686424255371,0.0,-1.582686424255371,0.8636661608987604,front_upstream
-0.001500000013038516,-0.8365817070007324,491.8323669433594,1.5936223268508911,0.0,-1.5936223268508911,0.8600637511332012,front_upstream
-0.001500000013038516,-0.8380809426307678,489.75115966796875,1.6046807765960693,0.0,-1.6046807765960693,0.8564243588189409,front_upstream
-0.001500000013038516,-0.839580237865448,487.64837646484375,1.6158643960952759,0.0,-1.6158643960952759,0.8527472368337832,front_upstream
-0.001500000013038516,-0.8410794734954834,485.5236511230469,1.6271755695343018,0.0,-1.6271755695343018,0.8490317447872745,front_upstream
-0.001500000013038516,-0.8425787091255188,483.37652587890625,1.6386165618896484,0.0,-1.6386165618896484,0.8452770821913477,front_upstream
-0.001500000013038516,-0.8440779447555542,481.2066650390625,1.6501901149749756,0.0,-1.6501901149749756,0.8414826620214202,front_upstream
-0.001500000013038516,-0.8455772399902344,479.0135803222656,1.6618987321853638,0.0,-1.6618987321853638,0.8376476304235537,front_upstream
-0.001500000013038516,-0.8470764756202698,476.7969055175781,1.6737452745437622,0.0,-1.6737452745437622,0.8337713470072947,front_upstream
-0.001500000013038516,-0.8485757112503052,474.5561218261719,1.685732364654541,0.0,-1.685732364654541,0.8298529045528336,front_upstream
-0.001500000013038516,-0.8500749468803406,472.2908020019531,1.6978631019592285,0.0,-1.6978631019592285,0.8258915559379744,front_upstream
-0.001500000013038516,-0.8515742421150208,470.00048828125,1.710140347480774,0.0,-1.710140347480774,0.8218865006746501,front_upstream
-0.001500000013038516,-0.8530734777450562,467.6846923828125,1.722567081451416,0.0,-1.722567081451416,0.8178368849089223,front_upstream
-0.001500000013038516,-0.8545727133750916,465.3428955078125,1.735146403312683,0.0,-1.735146403312683,0.8137418014209816,front_upstream
-0.001500000013038516,-0.856071949005127,462.9745788574219,1.7478816509246826,0.0,-1.7478816509246826,0.8096003429910188,front_upstream
-0.001500000013038516,-0.8575711846351624,460.5791931152344,1.7607762813568115,0.0,-1.7607762813568115,0.805411549033353,front_upstream
-0.001500000013038516,-0.8590704798698425,458.15625,1.7738335132598877,0.0,-1.7738335132598877,0.8011745656940462,front_upstream
-0.001500000013038516,-0.8605697154998779,455.70513916015625,1.7870569229125977,0.0,-1.7870569229125977,0.7968883256556756,front_upstream
-0.001500000013038516,-0.8620689511299133,453.2253112792969,1.8004502058029175,0.0,-1.8004502058029175,0.7925518683325603,front_upstream
-0.001500000013038516,-0.8635681867599487,450.7161560058594,1.8140171766281128,0.0,-1.8140171766281128,0.7881641264072778,front_upstream
-0.001500000013038516,-0.8650674819946289,448.1770324707031,1.8277616500854492,0.0,-1.8277616500854492,0.783723979196534,front_upstream
-0.001500000013038516,-0.8665667176246643,445.6072998046875,1.841687798500061,0.0,-1.841687798500061,0.7792303060170349,front_upstream
-0.001500000013038516,-0.8680659532546997,443.00634765625,1.8557997941970825,0.0,-1.8557997941970825,0.7746820395513577,front_upstream
-0.001500000013038516,-0.8695651888847351,440.37347412109375,1.8701019287109375,0.0,-1.8701019287109375,0.7700779523844662,front_upstream
-0.001500000013038516,-0.8710644841194153,437.7079772949219,1.8845986127853394,0.0,-1.8845986127853394,0.765416817101324,front_upstream
-0.001500000013038516,-0.8725637197494507,435.0091247558594,1.8992944955825806,0.0,-1.8992944955825806,0.7606973529210238,front_upstream
-0.001500000013038516,-0.8740629553794861,432.2761535644531,1.9141944646835327,0.0,-1.9141944646835327,0.755918225696787,front_upstream
-0.001500000013038516,-0.8755621910095215,429.50830078125,1.9293034076690674,0.0,-1.9293034076690674,0.751078101281835,front_upstream
-0.001500000013038516,-0.8770614862442017,426.70477294921875,1.9446265697479248,0.0,-1.9446265697479248,0.7461755921635184,front_upstream
-0.001500000013038516,-0.8785607218742371,423.86474609375,1.9601691961288452,0.0,-1.9601691961288452,0.7412092574633159,front_upstream
-0.001500000013038516,-0.8800599575042725,420.9873352050781,1.9759368896484375,0.0,-1.9759368896484375,0.7361775495709648,front_upstream
-0.001500000013038516,-0.8815591931343079,418.0716552734375,1.9919353723526,0.0,-1.9919353723526,0.7310789208762017,front_upstream
-0.001500000013038516,-0.883058488368988,415.11676025390625,2.0081706047058105,0.0,-2.0081706047058105,0.7259117170370214,front_upstream
-0.001500000013038516,-0.8845577239990234,412.1217346191406,2.024648666381836,0.0,-2.024648666381836,0.7206743370772897,front_upstream
-0.001500000013038516,-0.8860569596290588,409.0855712890625,2.0413763523101807,0.0,-2.0413763523101807,0.7153650199232586,front_upstream
-0.001500000013038516,-0.8875561952590942,406.00726318359375,2.0583598613739014,0.0,-2.0583598613739014,0.7099820045011807,front_upstream
-0.001500000013038516,-0.8890554904937744,402.88568115234375,2.075606346130371,0.0,-2.075606346130371,0.7045233162738236,front_upstream
-0.001500000013038516,-0.8905547261238098,399.7197570800781,2.093122959136963,0.0,-2.093122959136963,0.6989870874356975,front_upstream
-0.001500000013038516,-0.8920539617538452,396.5083312988281,2.110917568206787,0.0,-2.110917568206787,0.6933712900836988,front_upstream
-0.001500000013038516,-0.8935531973838806,393.2502136230469,2.128997564315796,0.0,-2.128997564315796,0.6876738429488531,front_upstream
-0.001500000013038516,-0.8950524926185608,389.9441223144531,2.147371530532837,0.0,-2.147371530532837,0.6818925046645725,front_upstream
-0.001500000013038516,-0.8965517282485962,386.58880615234375,2.1660473346710205,0.0,-2.1660473346710205,0.67602508723014,front_upstream
-0.001500000013038516,-0.8980509638786316,383.18292236328125,2.1850345134735107,0.0,-2.1850345134735107,0.6700692425472256,front_upstream
-0.001500000013038516,-0.899550199508667,379.7250061035156,2.2043416500091553,0.0,-2.2043416500091553,0.6640224090540142,front_upstream
-0.001500000013038516,-0.9010494947433472,376.213623046875,2.2239789962768555,0.0,-2.2239789962768555,0.6578820785545624,front_upstream
-0.001500000013038516,-0.9025487303733826,372.6472473144531,2.2439563274383545,0.0,-2.2439563274383545,0.6516455827553129,front_upstream
-0.001500000013038516,-0.904047966003418,369.0242919921875,2.264284133911133,0.0,-2.264284133911133,0.6453101466309664,front_upstream
-0.001500000013038516,-0.9055472016334534,365.3430480957031,2.2849738597869873,0.0,-2.2849738597869873,0.6388727816927391,front_upstream
-0.001500000013038516,-0.9070464968681335,361.6018371582031,2.3060367107391357,0.0,-2.3060367107391357,0.632330552817718,front_upstream
-0.001500000013038516,-0.908545732498169,357.79876708984375,2.327484369277954,0.0,-2.327484369277954,0.6256801513218924,front_upstream
-0.001500000013038516,-0.9100449681282043,353.9320068359375,2.349330186843872,0.0,-2.349330186843872,0.6189183752529938,front_upstream
-0.001500000013038516,-0.9115442037582397,349.9995422363281,2.371586799621582,0.0,-2.371586799621582,0.6120417024635267,front_upstream
-0.001500000013038516,-0.9130434989929199,345.9992980957031,2.394268274307251,0.0,-2.394268274307251,0.6050465040742536,front_upstream
-0.001500000013038516,-0.9145427346229553,341.9290771484375,2.417389392852783,0.0,-2.417389392852783,0.5979289377424524,front_upstream
-0.001500000013038516,-0.9160419702529907,337.78662109375,2.440964937210083,0.0,-2.440964937210083,0.5906850543936583,front_upstream
-0.001500000013038516,-0.9175412058830261,333.5694885253906,2.4650113582611084,0.0,-2.4650113582611084,0.5833105847581802,front_upstream
-0.001500000013038516,-0.9190405011177063,329.27520751953125,2.4895455837249756,0.0,-2.4895455837249756,0.5758012062004554,front_upstream
-0.001500000013038516,-0.9205397367477417,324.9010925292969,2.514585018157959,0.0,-2.514585018157959,0.5681522225238236,front_upstream
-0.001500000013038516,-0.9220389723777771,320.4443359375,2.5401487350463867,0.0,-2.5401487350463867,0.5603587240681397,front_upstream
-0.001500000013038516,-0.9235382080078125,315.9020690917969,2.566256284713745,0.0,-2.566256284713745,0.5524156944415163,front_upstream
-0.001500000013038516,-0.9250375032424927,311.2711181640625,2.5929291248321533,0.0,-2.5929291248321533,0.5443175835933547,front_upstream
-0.001500000013038516,-0.9265367388725281,306.5482177734375,2.6201887130737305,0.0,-2.6201887130737305,0.5360586813754428,front_upstream
-0.001500000013038516,-0.9280359745025635,301.7299499511719,2.6480586528778076,0.0,-2.6480586528778076,0.5276330108102125,front_upstream
-0.001500000013038516,-0.9295352101325989,296.8126525878906,2.6765637397766113,0.0,-2.6765637397766113,0.5190341679931271,front_upstream
-0.001500000013038516,-0.931034505367279,291.7923583984375,2.70573091506958,0.0,-2.70573091506958,0.5102552153609378,front_upstream
-0.001500000013038516,-0.9325337409973145,286.6648864746094,2.735588788986206,0.0,-2.735588788986206,0.5012888417892983,front_upstream
-0.001500000013038516,-0.9340329766273499,281.42559814453125,2.766169786453247,0.0,-2.766169786453247,0.49212693566579524,front_upstream
-0.001500000013038516,-0.9355322122573853,276.0694580078125,2.7975099086761475,0.0,-2.7975099086761475,0.48276069162169,front_upstream
-0.001500000013038516,-0.9370315074920654,270.5909729003906,2.8296473026275635,0.0,-2.8296473026275635,0.4731805038001771,front_upstream
-0.001500000013038516,-0.9385307431221008,264.9845886230469,2.8626210689544678,0.0,-2.8626210689544678,0.46337665961270874,front_upstream
-0.001500000013038516,-0.9400299787521362,259.244873046875,2.8964672088623047,0.0,-2.8964672088623047,0.45333965993422165,front_upstream
-0.001500000013038516,-0.9415292143821716,253.36619567871094,2.9312243461608887,0.0,-2.9312243461608887,0.44305965876149017,front_upstream
-0.001500000013038516,-0.9430285096168518,247.3421630859375,2.9669361114501953,0.0,-2.9669361114501953,0.4325254759445101,front_upstream
-0.001500000013038516,-0.9445277452468872,241.16580200195312,3.003650188446045,0.0,-3.003650188446045,0.42172491738172546,front_upstream
-0.001500000013038516,-0.9460269808769226,234.82952880859375,3.041419267654419,0.0,-3.041419267654419,0.41064472165415755,front_upstream
-0.001500000013038516,-0.947526216506958,228.32522583007812,3.080299139022827,0.0,-3.080299139022827,0.39927069344008265,front_upstream
-0.001500000013038516,-0.9490255117416382,221.64404296875,3.120351552963257,0.0,-3.120351552963257,0.38758735663686966,front_upstream
-0.001500000013038516,-0.9505247473716736,214.77639770507812,3.1616430282592773,0.0,-3.1616430282592773,0.37557795436097996,front_upstream
-0.001500000013038516,-0.952023983001709,207.71189880371094,3.2042462825775146,0.0,-3.2042462825775146,0.36322431553328977,front_upstream
-0.001500000013038516,-0.9535232186317444,200.43923950195312,3.2482402324676514,0.0,-3.2482402324676514,0.3505066680985411,front_upstream
-0.001500000013038516,-0.9550225138664246,192.94607543945312,3.293710947036743,0.0,-3.293710947036743,0.337403425561857,front_upstream
-0.001500000013038516,-0.95652174949646,185.21884155273438,3.3407537937164307,0.0,-3.3407537937164307,0.3238908667935149,front_upstream
-0.001500000013038516,-0.9580209851264954,177.24267578125,3.3894731998443604,0.0,-3.3894731998443604,0.3099430026142689,front_upstream
-0.001500000013038516,-0.9595202207565308,169.00115966796875,3.4399843215942383,0.0,-3.4399843215942383,0.2955311221854444,front_upstream
-0.001500000013038516,-0.9610195159912109,160.4761962890625,3.4924142360687256,0.0,-3.4924142360687256,0.2806235795454546,front_upstream
-0.001500000013038516,-0.9625187516212463,151.6477508544922,3.5469040870666504,0.0,-3.5469040870666504,0.2651853399998946,front_upstream
-0.001500000013038516,-0.9640179872512817,142.49351501464844,3.6036105155944824,0.0,-3.6036105155944824,0.24917739309695988,front_upstream
-0.001500000013038516,-0.9655172228813171,132.9884796142578,3.6627097129821777,0.0,-3.6627097129821777,0.23255600550524963,front_upstream
-0.001500000013038516,-0.9670165181159973,123.10453796386719,3.7243998050689697,0.0,-3.7243998050689697,0.21527202725744224,front_upstream
-0.001500000013038516,-0.9685157537460327,112.80985260009766,3.7889046669006348,0.0,-3.7889046669006348,0.19726978440846898,front_upstream
-0.001500000013038516,-0.9700149893760681,102.06819152832031,3.8564794063568115,0.0,-3.8564794063568115,0.17848591832781668,front_upstream
-0.001500000013038516,-0.9715142250061035,90.8380355834961,3.9274165630340576,0.0,-3.9274165630340576,0.15884782474779685,front_upstream
-0.001500000013038516,-0.9730135202407837,79.07135009765625,4.002053260803223,0.0,-4.002053260803223,0.13827150578723224,front_upstream
-0.001500000013038516,-0.9745127558708191,66.71233367919922,4.080783367156982,0.0,-4.080783367156982,0.11665938195074001,front_upstream
-0.001500000013038516,-0.9760119915008545,53.69524383544922,4.164063930511475,0.0,-4.164063930511475,0.0938964898104128,front_upstream
-0.001500000013038516,-0.9775112271308899,39.942222595214844,4.252442359924316,0.0,-4.252442359924316,0.0698466796875,front_upstream
-0.001500000013038516,-0.9790105223655701,25.357892990112305,4.346578121185303,0.0,-4.346578121185303,0.044343166557848604,front_upstream
-0.001500000013038516,-0.9805097579956055,9.824874877929688,4.447299480438232,0.0,-4.447299480438232,0.017180688604212346,front_upstream
-0.001500000013038516,-0.9820089936256409,-6.806053638458252,4.555630207061768,0.0,-4.555630207061768,-0.011901697440299402,front_upstream
-0.001500000013038516,-0.9835082292556763,-24.715145111083984,4.672850608825684,0.0,-4.672850608825684,-0.04321919792742769,front_upstream
-0.001500000013038516,-0.9850075244903564,-44.122398376464844,4.800292491912842,0.0,-4.800292491912842,-0.07715652325302538,front_upstream
-0.001500000013038516,-0.9865067601203918,-65.29317474365234,4.940144062042236,0.0,-4.940144062042236,-0.11417770884503078,front_upstream
-0.001500000013038516,-0.9880059957504272,-88.64730072021484,5.09409761428833,0.0,-5.09409761428833,-0.15501690232200835,front_upstream
-0.001500000013038516,-0.9895052313804626,-114.64057159423828,5.2679853439331055,0.0,-5.2679853439331055,-0.20047114965239712,front_upstream
-0.001500000013038516,-0.9910045266151428,-144.35003662109375,5.4607930183410645,0.0,-5.4607930183410645,-0.25242387918493847,front_upstream
-0.001500000013038516,-0.9925037622451782,-178.4511260986328,5.698267936706543,0.0,-5.698267936706543,-0.3120562110626792,front_upstream
-0.001500000013038516,-0.9940029978752136,-221.25987243652344,5.9480719566345215,0.0,-5.9480719566345215,-0.3869155603680005,front_upstream
-0.001500000013038516,-0.995502233505249,-271.64605712890625,6.371521949768066,0.0,-6.371521949768066,-0.4750255220631641,front_upstream
-0.001500000013038516,-0.9970015287399292,-352.3182373046875,6.698471546173096,0.0,-6.698471546173096,-0.616096387987013,front_upstream
-0.001500000013038516,-0.9985007643699646,-424.9032897949219,7.609562873840332,0.0,-7.609562873840332,-0.743025351424144,front_upstream
-0.001500000013038516,-1.0,-787.5171508789062,4.483059883117676,0.2293088734149933,-4.253750801086426,-1.377125623260668,front_upstream
-2.168404344971009e-19,-1.0,-887.2211303710938,2.443093776702881,-1.9843615293502808,0.0,-1.5514772608681904,thin_edge
0.001500000013038516,-1.0,-559.6660766601562,2.639127492904663,-2.213174343109131,-0.42595311999320984,-0.9786840753605162,back_downstream
0.001500000013038516,-0.9985007643699646,-478.4995422363281,0.7169217467308044,0.0,-0.7169217467308044,-0.8367487356900405,back_downstream
